iso_639_1,movie_id,name
en,1.0,English
en,2.0,English
en,3.0,English
en,4.0,English
hi,4.0,हिन्दी
ko,5.0,한국어/조선말
en,6.0,English
en,7.0,English
ar,8.0,العربية
en,8.0,English
en,9.0,English
en,10.0,English
en,11.0,English
en,12.0,English
en,13.0,English
en,14.0,English
ru,14.0,Pусский
en,15.0,English
sv,15.0,svenska
sr,16.0,Srpski
en,17.0,English
ru,17.0,Pусский
en,18.0,English
de,19.0,Deutsch
en,19.0,English
en,20.0,English
fr,20.0,Français
it,20.0,Italiano
en,21.0,English
en,22.0,English
en,23.0,English
en,24.0,English
en,25.0,English
fr,25.0,Français
it,25.0,Italiano
en,26.0,English
en,27.0,English
en,28.0,English
en,29.0,English
ja,29.0,日本語
en,30.0,English
en,31.0,English
fr,31.0,Français
fr,32.0,Français
en,33.0,English
ar,34.0,العربية
en,34.0,English
fr,34.0,Français
de,34.0,Deutsch
he,34.0,עִבְרִית
ja,34.0,日本語
pt,34.0,Português
la,35.0,Latin
en,35.0,English
fr,35.0,Français
ja,35.0,日本語
zh,35.0,普通话
en,36.0,English
zh,36.0,普通话
ru,36.0,Pусский
en,37.0,English
en,38.0,English
ko,38.0,한국어/조선말
fr,38.0,Français
en,39.0,English
ja,39.0,日本語
es,39.0,Español
en,40.0,English
fr,40.0,Français
es,40.0,Español
en,41.0,English
en,42.0,English
fr,43.0,Français
en,43.0,English
en,44.0,English
en,45.0,English
it,46.0,Italiano
es,46.0,Español
en,47.0,English
es,48.0,Español
en,48.0,English
en,49.0,English
en,50.0,English
nl,51.0,Nederlands
en,52.0,English
it,52.0,Italiano
en,53.0,English
en,54.0,English
en,55.0,English
en,56.0,English
en,57.0,English
fr,57.0,Français
en,58.0,English
en,59.0,English
en,60.0,English
fr,60.0,Français
en,61.0,English
fr,61.0,Français
en,62.0,English
it,62.0,Italiano
en,63.0,English
en,64.0,English
en,65.0,English
es,65.0,Español
en,66.0,English
en,67.0,English
cn,68.0,广州话 / 廣州話
zh,68.0,普通话
en,69.0,English
en,70.0,English
ja,70.0,日本語
en,71.0,English
qu,72.0,
es,72.0,Español
en,73.0,English
cs,74.0,Český
en,75.0,English
en,76.0,English
en,77.0,English
ta,77.0,தமிழ்
te,77.0,తెలుగు
en,78.0,English
en,79.0,English
de,80.0,Deutsch
en,80.0,English
es,80.0,Español
en,81.0,English
en,82.0,English
pl,82.0,Polski
en,83.0,English
en,84.0,English
ru,84.0,Pусский
en,85.0,English
en,86.0,English
fr,86.0,Français
en,87.0,English
cn,88.0,广州话 / 廣州話
en,88.0,English
en,89.0,English
en,90.0,English
en,91.0,English
ja,91.0,日本語
fr,91.0,Français
it,92.0,Italiano
tr,92.0,Türkçe
fr,93.0,Français
it,93.0,Italiano
en,94.0,English
es,95.0,Español
en,95.0,English
ru,96.0,Pусский
fr,97.0,Français
de,98.0,Deutsch
ru,98.0,Pусский
es,99.0,Español
en,99.0,English
en,100.0,English
es,100.0,Español
en,101.0,English
en,102.0,English
ko,103.0,한국어/조선말
en,104.0,English
tr,105.0,Türkçe
en,106.0,English
en,107.0,English
en,108.0,English
fr,108.0,Français
la,108.0,Latin
gd,108.0,
en,109.0,English
en,110.0,English
en,111.0,English
en,112.0,English
en,113.0,English
en,114.0,English
en,115.0,English
en,116.0,English
en,117.0,English
ja,117.0,日本語
zh,117.0,普通话
en,118.0,English
en,119.0,English
zh,120.0,普通话
cn,120.0,广州话 / 廣州話
en,120.0,English
cn,121.0,广州话 / 廣州話
en,121.0,English
zh,121.0,普通话
en,122.0,English
en,123.0,English
en,124.0,English
zh,124.0,普通话
en,125.0,English
fr,125.0,Français
sv,125.0,svenska
ja,126.0,日本語
zh,126.0,普通话
en,126.0,English
en,127.0,English
en,128.0,English
en,129.0,English
hu,129.0,Magyar
it,129.0,Italiano
en,130.0,English
en,131.0,English
en,132.0,English
es,132.0,Español
en,133.0,English
en,134.0,English
es,134.0,Español
en,135.0,English
en,136.0,English
en,137.0,English
en,138.0,English
en,139.0,English
en,140.0,English
de,140.0,Deutsch
it,140.0,Italiano
en,141.0,English
en,142.0,English
en,143.0,English
en,144.0,English
en,145.0,English
en,146.0,English
fr,146.0,Français
en,147.0,English
en,148.0,English
fr,148.0,Français
ja,148.0,日本語
ko,148.0,한국어/조선말
en,149.0,English
en,150.0,English
en,152.0,English
en,153.0,English
en,154.0,English
en,155.0,English
en,156.0,English
ru,157.0,Pусский
en,158.0,English
en,159.0,English
en,160.0,English
en,161.0,English
en,162.0,English
en,163.0,English
fr,164.0,Français
en,164.0,English
la,164.0,Latin
es,164.0,Español
es,165.0,Español
en,165.0,English
en,166.0,English
en,167.0,English
en,168.0,English
en,169.0,English
en,170.0,English
en,171.0,English
en,172.0,English
en,173.0,English
en,174.0,English
en,175.0,English
en,176.0,English
en,177.0,English
en,179.0,English
en,180.0,English
es,180.0,Español
en,181.0,English
en,182.0,English
el,183.0,ελληνικά
en,183.0,English
ga,183.0,Gaeilge
ja,184.0,日本語
en,185.0,English
pt,185.0,Português
ja,185.0,日本語
en,186.0,English
en,187.0,English
en,188.0,English
en,189.0,English
en,190.0,English
en,191.0,English
en,192.0,English
en,193.0,English
fr,194.0,Français
en,194.0,English
en,195.0,English
fa,196.0,فارسی
es,197.0,Español
en,197.0,English
en,198.0,English
en,199.0,English
en,200.0,English
en,201.0,English
en,202.0,English
en,203.0,English
en,204.0,English
en,205.0,English
en,206.0,English
en,207.0,English
en,208.0,English
en,209.0,English
fr,209.0,Français
en,210.0,English
en,211.0,English
fr,211.0,Français
en,212.0,English
en,213.0,English
hi,214.0,हिन्दी
en,215.0,English
en,216.0,English
ja,217.0,日本語
th,217.0,ภาษาไทย
en,218.0,English
ru,218.0,Pусский
pl,218.0,Polski
sv,219.0,svenska
en,220.0,English
en,221.0,English
de,221.0,Deutsch
ja,221.0,日本語
zh,221.0,普通话
en,222.0,English
en,223.0,English
en,224.0,English
en,225.0,English
en,226.0,English
en,227.0,English
en,228.0,English
en,229.0,English
de,229.0,Deutsch
es,229.0,Español
en,230.0,English
de,231.0,Deutsch
en,231.0,English
fr,231.0,Français
hi,231.0,हिन्दी
tr,231.0,Türkçe
cn,231.0,广州话 / 廣州話
en,232.0,English
en,233.0,English
en,234.0,English
en,235.0,English
de,235.0,Deutsch
pt,235.0,Português
es,235.0,Español
en,236.0,English
es,236.0,Español
th,236.0,ภาษาไทย
en,237.0,English
es,237.0,Español
ca,238.0,Català
es,238.0,Español
en,239.0,English
en,240.0,English
en,241.0,English
en,242.0,English
en,243.0,English
ja,243.0,日本語
en,244.0,English
es,244.0,Español
en,245.0,English
en,246.0,English
sv,247.0,svenska
en,247.0,English
hu,248.0,Magyar
de,248.0,Deutsch
ru,248.0,Pусский
de,249.0,Deutsch
en,249.0,English
de,250.0,Deutsch
en,250.0,English
fr,250.0,Français
ar,250.0,العربية
fr,251.0,Français
en,252.0,English
la,252.0,Latin
en,253.0,English
ru,254.0,Pусский
tl,255.0,
en,256.0,English
en,257.0,English
en,258.0,English
ja,259.0,日本語
hi,260.0,हिन्दी
en,261.0,English
en,262.0,English
ja,263.0,日本語
en,264.0,English
en,265.0,English
en,266.0,English
da,267.0,Dansk
en,267.0,English
en,268.0,English
en,269.0,English
en,270.0,English
en,271.0,English
en,272.0,English
en,273.0,English
en,274.0,English
en,275.0,English
en,276.0,English
te,277.0,తెలుగు
en,278.0,English
de,278.0,Deutsch
th,278.0,ภาษาไทย
en,279.0,English
es,280.0,Español
en,280.0,English
en,281.0,English
en,282.0,English
ja,282.0,日本語
en,283.0,English
fr,284.0,Français
en,285.0,English
es,285.0,Español
en,286.0,English
en,287.0,English
en,288.0,English
en,289.0,English
en,290.0,English
en,291.0,English
en,292.0,English
it,293.0,Italiano
en,293.0,English
ja,293.0,日本語
en,294.0,English
pt,294.0,Português
en,295.0,English
ru,296.0,Pусский
en,297.0,English
es,297.0,Español
en,298.0,English
ko,298.0,한국어/조선말
ru,298.0,Pусский
fr,299.0,Français
en,299.0,English
en,300.0,English
en,301.0,English
en,302.0,English
en,303.0,English
ru,303.0,Pусский
en,304.0,English
en,305.0,English
pt,305.0,Português
en,306.0,English
ga,306.0,Gaeilge
la,306.0,Latin
zh,306.0,普通话
en,307.0,English
en,308.0,English
es,308.0,Español
en,309.0,English
zh,310.0,普通话
en,310.0,English
en,311.0,English
fr,312.0,Français
en,312.0,English
en,313.0,English
en,314.0,English
en,315.0,English
en,316.0,English
en,317.0,English
en,318.0,English
en,319.0,English
ja,319.0,日本語
ru,319.0,Pусский
de,320.0,Deutsch
en,320.0,English
en,321.0,English
en,322.0,English
en,323.0,English
fr,323.0,Français
en,324.0,English
en,325.0,English
en,326.0,English
en,327.0,English
en,328.0,English
es,328.0,Español
en,329.0,English
en,330.0,English
en,331.0,English
zh,332.0,普通话
cn,332.0,广州话 / 廣州話
en,332.0,English
en,333.0,English
en,334.0,English
ta,335.0,தமிழ்
hi,336.0,हिन्दी
en,336.0,English
fr,337.0,Français
en,337.0,English
ja,338.0,日本語
en,339.0,English
es,339.0,Español
en,340.0,English
en,341.0,English
en,342.0,English
zh,342.0,普通话
en,343.0,English
en,344.0,English
en,345.0,English
en,346.0,English
en,347.0,English
en,348.0,English
fr,348.0,Français
hu,348.0,Magyar
ja,349.0,日本語
bn,350.0,বাংলা
en,350.0,English
en,351.0,English
en,352.0,English
de,352.0,Deutsch
en,353.0,English
en,354.0,English
ru,355.0,Pусский
en,355.0,English
en,356.0,English
en,357.0,English
fr,357.0,Français
ar,357.0,العربية
en,358.0,English
en,359.0,English
en,360.0,English
en,361.0,English
kk,361.0,қазақ
ta,362.0,தமிழ்
ru,363.0,Pусский
en,364.0,English
fr,364.0,Français
pl,364.0,Polski
ar,365.0,العربية
en,365.0,English
ja,365.0,日本語
fa,365.0,فارسی
en,366.0,English
en,367.0,English
de,368.0,Deutsch
fr,368.0,Français
en,369.0,English
en,370.0,English
en,371.0,English
hi,372.0,हिन्दी
cs,373.0,Český
en,373.0,English
es,373.0,Español
sh,373.0,
en,374.0,English
en,375.0,English
en,376.0,English
en,377.0,English
gd,378.0,
it,378.0,Italiano
yi,378.0,
en,378.0,English
en,379.0,English
en,380.0,English
af,381.0,Afrikaans
en,381.0,English
en,382.0,English
fr,382.0,Français
th,382.0,ภาษาไทย
en,383.0,English
ru,384.0,Pусский
en,384.0,English
en,385.0,English
en,386.0,English
fr,386.0,Français
ru,386.0,Pусский
en,387.0,English
es,387.0,Español
en,388.0,English
en,389.0,English
en,390.0,English
it,391.0,Italiano
ru,392.0,Pусский
fr,393.0,Français
en,394.0,English
ja,395.0,日本語
zh,395.0,普通话
ar,395.0,العربية
en,395.0,English
en,396.0,English
en,397.0,English
en,398.0,English
en,399.0,English
fr,399.0,Français
en,400.0,English
en,401.0,English
hy,401.0,
pa,402.0,ਪੰਜਾਬੀ
bn,402.0,বাংলা
en,402.0,English
hi,402.0,हिन्दी
en,403.0,English
en,404.0,English
en,405.0,English
en,406.0,English
en,407.0,English
pt,407.0,Português
en,408.0,English
en,409.0,English
fr,409.0,Français
de,409.0,Deutsch
el,409.0,ελληνικά
en,410.0,English
de,410.0,Deutsch
en,411.0,English
en,412.0,English
en,413.0,English
pt,413.0,Português
nl,414.0,Nederlands
en,415.0,English
he,415.0,עִבְרִית
en,416.0,English
ja,417.0,日本語
en,418.0,English
it,418.0,Italiano
en,419.0,English
pt,419.0,Português
es,419.0,Español
hi,420.0,हिन्दी
en,421.0,English
fr,421.0,Français
de,421.0,Deutsch
es,421.0,Español
en,422.0,English
en,423.0,English
it,423.0,Italiano
en,424.0,English
en,425.0,English
fr,426.0,Français
en,427.0,English
es,428.0,Español
en,429.0,English
it,429.0,Italiano
en,430.0,English
en,431.0,English
en,432.0,English
en,433.0,English
en,434.0,English
es,434.0,Español
en,435.0,English
en,436.0,English
en,437.0,English
ja,438.0,日本語
en,438.0,English
fr,438.0,Français
en,439.0,English
it,439.0,Italiano
pt,440.0,Português
en,441.0,English
de,442.0,Deutsch
en,442.0,English
en,443.0,English
en,444.0,English
fr,445.0,Français
de,445.0,Deutsch
es,445.0,Español
en,446.0,English
bg,447.0,български език
en,447.0,English
en,448.0,English
en,449.0,English
ru,449.0,Pусский
en,450.0,English
zh,450.0,普通话
en,451.0,English
fr,451.0,Français
he,451.0,עִבְרִית
it,451.0,Italiano
es,451.0,Español
de,451.0,Deutsch
en,452.0,English
en,453.0,English
fr,453.0,Français
it,453.0,Italiano
en,454.0,English
en,456.0,English
it,456.0,Italiano
en,457.0,English
fr,457.0,Français
en,458.0,English
en,459.0,English
en,460.0,English
nl,461.0,Nederlands
de,461.0,Deutsch
ru,461.0,Pусский
en,462.0,English
en,463.0,English
en,464.0,English
en,465.0,English
en,466.0,English
en,467.0,English
en,468.0,English
en,469.0,English
en,470.0,English
en,472.0,English
en,473.0,English
fr,473.0,Français
en,474.0,English
de,474.0,Deutsch
ru,475.0,Pусский
es,476.0,Español
en,477.0,English
en,478.0,English
ar,479.0,العربية
en,479.0,English
en,480.0,English
en,481.0,English
de,482.0,Deutsch
hi,482.0,हिन्दी
en,483.0,English
en,484.0,English
en,485.0,English
en,486.0,English
en,487.0,English
ru,488.0,Pусский
en,489.0,English
en,490.0,English
en,491.0,English
yi,491.0,
en,492.0,English
en,493.0,English
en,494.0,English
en,495.0,English
en,496.0,English
en,497.0,English
en,498.0,English
en,499.0,English
en,500.0,English
th,500.0,ภาษาไทย
en,501.0,English
fr,501.0,Français
de,501.0,Deutsch
en,502.0,English
en,503.0,English
en,504.0,English
en,505.0,English
fr,506.0,Français
en,506.0,English
fr,507.0,Français
en,507.0,English
he,507.0,עִבְרִית
en,508.0,English
en,509.0,English
en,510.0,English
en,511.0,English
en,512.0,English
en,513.0,English
en,514.0,English
en,515.0,English
en,516.0,English
ta,517.0,தமிழ்
la,518.0,Latin
en,518.0,English
fr,518.0,Français
it,518.0,Italiano
de,519.0,Deutsch
en,519.0,English
en,520.0,English
en,521.0,English
en,522.0,English
it,523.0,Italiano
en,523.0,English
fr,523.0,Français
en,524.0,English
ta,525.0,தமிழ்
en,526.0,English
it,526.0,Italiano
en,527.0,English
en,528.0,English
en,529.0,English
de,529.0,Deutsch
ru,529.0,Pусский
es,529.0,Español
en,530.0,English
en,531.0,English
en,532.0,English
en,533.0,English
en,534.0,English
es,534.0,Español
ru,534.0,Pусский
en,535.0,English
de,536.0,Deutsch
it,536.0,Italiano
en,536.0,English
en,537.0,English
en,538.0,English
de,539.0,Deutsch
el,539.0,ελληνικά
en,539.0,English
en,540.0,English
en,541.0,English
en,542.0,English
en,543.0,English
en,544.0,English
en,545.0,English
en,546.0,English
en,547.0,English
en,548.0,English
en,549.0,English
en,550.0,English
en,551.0,English
sw,551.0,Kiswahili
en,552.0,English
en,553.0,English
en,554.0,English
ru,555.0,Pусский
en,555.0,English
ja,555.0,日本語
fr,555.0,Français
de,555.0,Deutsch
it,555.0,Italiano
es,555.0,Español
en,556.0,English
it,556.0,Italiano
en,557.0,English
en,558.0,English
en,559.0,English
de,559.0,Deutsch
no,559.0,Norsk
ar,560.0,العربية
en,560.0,English
it,560.0,Italiano
en,561.0,English
en,562.0,English
en,563.0,English
fr,564.0,Français
en,564.0,English
es,565.0,Español
en,566.0,English
es,566.0,Español
cs,567.0,Český
en,567.0,English
es,567.0,Español
en,568.0,English
en,569.0,English
en,570.0,English
es,571.0,Español
en,571.0,English
en,572.0,English
en,573.0,English
en,574.0,English
en,575.0,English
en,576.0,English
en,577.0,English
en,578.0,English
fr,578.0,Français
en,579.0,English
en,580.0,English
en,581.0,English
en,582.0,English
en,583.0,English
en,584.0,English
es,584.0,Español
en,585.0,English
hi,586.0,हिन्दी
hi,587.0,हिन्दी
mr,587.0,
en,588.0,English
en,589.0,English
en,590.0,English
zh,590.0,普通话
bo,590.0,
en,591.0,English
ru,592.0,Pусский
en,593.0,English
en,594.0,English
el,594.0,ελληνικά
fr,594.0,Français
en,595.0,English
fr,596.0,Français
ru,596.0,Pусский
en,597.0,English
it,597.0,Italiano
en,598.0,English
en,599.0,English
de,599.0,Deutsch
en,600.0,English
es,600.0,Español
en,601.0,English
en,602.0,English
en,603.0,English
en,604.0,English
fr,604.0,Français
en,605.0,English
xx,606.0,No Language
zh,607.0,普通话
en,608.0,English
en,609.0,English
da,610.0,Dansk
en,610.0,English
fi,610.0,suomi
de,610.0,Deutsch
no,610.0,Norsk
pl,610.0,Polski
es,610.0,Español
sv,610.0,svenska
en,611.0,English
de,611.0,Deutsch
pt,611.0,Português
ja,612.0,日本語
ko,612.0,한국어/조선말
en,613.0,English
en,614.0,English
en,615.0,English
de,615.0,Deutsch
el,615.0,ελληνικά
en,616.0,English
es,617.0,Español
en,618.0,English
en,619.0,English
en,620.0,English
de,620.0,Deutsch
sv,620.0,svenska
yi,620.0,
en,621.0,English
es,622.0,Español
en,623.0,English
en,624.0,English
en,625.0,English
en,626.0,English
en,627.0,English
hi,628.0,हिन्दी
en,629.0,English
fr,629.0,Français
en,630.0,English
hy,631.0,
en,631.0,English
de,632.0,Deutsch
fr,632.0,Français
ru,632.0,Pусский
en,632.0,English
en,633.0,English
en,634.0,English
en,635.0,English
en,636.0,English
en,637.0,English
ru,638.0,Pусский
en,638.0,English
en,639.0,English
en,640.0,English
en,641.0,English
en,642.0,English
en,643.0,English
en,644.0,English
ja,645.0,日本語
en,646.0,English
ar,647.0,العربية
en,647.0,English
fa,647.0,فارسی
ur,647.0,اردو
fr,647.0,Français
zh,647.0,普通话
en,648.0,English
en,649.0,English
en,650.0,English
en,651.0,English
en,652.0,English
es,652.0,Español
en,653.0,English
ja,654.0,日本語
es,655.0,Español
en,656.0,English
en,657.0,English
en,658.0,English
en,659.0,English
ja,659.0,日本語
en,660.0,English
de,660.0,Deutsch
en,661.0,English
da,662.0,Dansk
it,662.0,Italiano
en,662.0,English
en,663.0,English
en,664.0,English
en,665.0,English
en,666.0,English
en,667.0,English
en,668.0,English
en,669.0,English
en,670.0,English
en,671.0,English
hi,672.0,हिन्दी
en,673.0,English
en,674.0,English
ru,674.0,Pусский
es,674.0,Español
en,675.0,English
de,675.0,Deutsch
ko,675.0,한국어/조선말
ru,675.0,Pусский
es,675.0,Español
en,676.0,English
en,677.0,English
en,678.0,English
en,679.0,English
fr,680.0,Français
en,680.0,English
en,681.0,English
ja,681.0,日本語
fr,681.0,Français
ar,681.0,العربية
es,681.0,Español
cn,682.0,广州话 / 廣州話
en,682.0,English
en,683.0,English
en,684.0,English
en,685.0,English
en,686.0,English
sq,687.0,shqip
ar,687.0,العربية
en,687.0,English
ro,687.0,Română
cs,688.0,Český
en,688.0,English
hu,688.0,Magyar
en,689.0,English
en,690.0,English
en,691.0,English
en,692.0,English
en,693.0,English
en,694.0,English
en,695.0,English
hi,696.0,हिन्दी
en,697.0,English
hu,697.0,Magyar
en,698.0,English
en,699.0,English
en,700.0,English
en,701.0,English
en,702.0,English
en,703.0,English
en,704.0,English
en,705.0,English
ru,705.0,Pусский
es,705.0,Español
de,705.0,Deutsch
ln,705.0,
en,706.0,English
en,707.0,English
en,708.0,English
en,709.0,English
en,710.0,English
en,711.0,English
en,712.0,English
en,713.0,English
en,714.0,English
ja,714.0,日本語
en,715.0,English
en,716.0,English
en,717.0,English
en,718.0,English
en,719.0,English
es,720.0,Español
cn,721.0,广州话 / 廣州話
en,721.0,English
zh,721.0,普通话
en,722.0,English
en,723.0,English
en,724.0,English
en,725.0,English
it,725.0,Italiano
en,726.0,English
de,727.0,Deutsch
en,728.0,English
en,729.0,English
en,730.0,English
pt,730.0,Português
fr,731.0,Français
it,731.0,Italiano
pl,731.0,Polski
en,732.0,English
en,733.0,English
ko,734.0,한국어/조선말
en,735.0,English
en,736.0,English
en,737.0,English
en,738.0,English
en,739.0,English
en,740.0,English
en,741.0,English
en,742.0,English
ar,743.0,العربية
en,743.0,English
ur,743.0,اردو
en,744.0,English
en,745.0,English
fr,746.0,Français
en,747.0,English
en,748.0,English
it,748.0,Italiano
en,749.0,English
en,750.0,English
en,751.0,English
pl,751.0,Polski
pt,751.0,Português
en,752.0,English
my,752.0,
th,752.0,ภาษาไทย
en,753.0,English
en,754.0,English
en,755.0,English
en,756.0,English
he,756.0,עִבְרִית
ru,756.0,Pусский
yi,756.0,
cn,757.0,广州话 / 廣州話
zh,757.0,普通话
en,758.0,English
en,759.0,English
fr,759.0,Français
en,760.0,English
en,761.0,English
en,762.0,English
de,763.0,Deutsch
en,764.0,English
en,765.0,English
en,766.0,English
en,767.0,English
en,768.0,English
en,769.0,English
en,770.0,English
en,771.0,English
de,771.0,Deutsch
de,772.0,Deutsch
en,773.0,English
en,774.0,English
en,775.0,English
en,776.0,English
en,777.0,English
ja,777.0,日本語
en,778.0,English
zh,778.0,普通话
es,778.0,Español
en,779.0,English
en,780.0,English
en,781.0,English
ru,781.0,Pусский
en,782.0,English
en,783.0,English
nl,784.0,Nederlands
en,784.0,English
en,785.0,English
en,786.0,English
cs,787.0,Český
en,787.0,English
de,787.0,Deutsch
es,788.0,Español
en,789.0,English
zh,790.0,普通话
ja,790.0,日本語
en,790.0,English
en,791.0,English
en,792.0,English
fr,792.0,Français
en,793.0,English
fr,793.0,Français
ja,793.0,日本語
en,794.0,English
en,795.0,English
cs,796.0,Český
en,796.0,English
en,797.0,English
ko,797.0,한국어/조선말
en,798.0,English
en,799.0,English
de,800.0,Deutsch
en,800.0,English
es,800.0,Español
fr,800.0,Français
sw,800.0,Kiswahili
en,801.0,English
en,802.0,English
en,803.0,English
en,804.0,English
en,805.0,English
en,806.0,English
en,807.0,English
tr,808.0,Türkçe
en,809.0,English
en,810.0,English
en,811.0,English
es,811.0,Español
en,812.0,English
en,813.0,English
en,814.0,English
en,815.0,English
en,816.0,English
en,817.0,English
en,818.0,English
en,819.0,English
en,820.0,English
en,821.0,English
en,822.0,English
en,823.0,English
en,824.0,English
fr,824.0,Français
zh,825.0,普通话
en,825.0,English
en,826.0,English
fr,826.0,Français
cn,827.0,广州话 / 廣州話
ja,827.0,日本語
zh,827.0,普通话
cn,828.0,广州话 / 廣州話
zh,828.0,普通话
en,829.0,English
en,830.0,English
en,831.0,English
en,832.0,English
en,833.0,English
ur,833.0,اردو
zh,833.0,普通话
fr,834.0,Français
en,835.0,English
en,836.0,English
ru,836.0,Pусский
en,837.0,English
en,838.0,English
en,839.0,English
en,840.0,English
hi,841.0,हिन्दी
en,842.0,English
en,843.0,English
ru,843.0,Pусский
en,844.0,English
en,845.0,English
de,845.0,Deutsch
hu,845.0,Magyar
en,846.0,English
it,846.0,Italiano
de,846.0,Deutsch
la,846.0,Latin
en,847.0,English
id,847.0,Bahasa indonesia
en,848.0,English
hi,849.0,हिन्दी
en,850.0,English
en,851.0,English
fr,851.0,Français
de,851.0,Deutsch
sw,851.0,Kiswahili
en,852.0,English
en,853.0,English
en,854.0,English
fi,855.0,suomi
es,856.0,Español
en,856.0,English
en,857.0,English
en,858.0,English
en,859.0,English
en,860.0,English
en,861.0,English
en,862.0,English
en,863.0,English
en,864.0,English
en,865.0,English
es,865.0,Español
en,866.0,English
en,867.0,English
el,867.0,ελληνικά
ru,867.0,Pусский
en,868.0,English
en,869.0,English
en,870.0,English
en,871.0,English
de,872.0,Deutsch
en,873.0,English
en,874.0,English
en,875.0,English
en,876.0,English
en,877.0,English
ru,877.0,Pусский
en,878.0,English
en,879.0,English
it,879.0,Italiano
en,880.0,English
en,881.0,English
en,882.0,English
en,883.0,English
en,884.0,English
ru,885.0,Pусский
en,886.0,English
fr,886.0,Français
tl,887.0,
en,888.0,English
el,889.0,ελληνικά
en,889.0,English
en,890.0,English
en,891.0,English
en,892.0,English
pt,892.0,Português
en,893.0,English
en,894.0,English
th,894.0,ภาษาไทย
en,895.0,English
fr,895.0,Français
it,895.0,Italiano
es,895.0,Español
en,896.0,English
hu,896.0,Magyar
no,896.0,Norsk
en,897.0,English
en,898.0,English
cs,899.0,Český
da,899.0,Dansk
en,899.0,English
ta,900.0,தமிழ்
te,900.0,తెలుగు
en,901.0,English
es,901.0,Español
fr,902.0,Français
en,903.0,English
de,903.0,Deutsch
ru,903.0,Pусский
en,904.0,English
en,905.0,English
en,906.0,English
en,907.0,English
en,908.0,English
sw,908.0,Kiswahili
en,909.0,English
en,910.0,English
ko,911.0,한국어/조선말
en,912.0,English
fr,912.0,Français
ru,912.0,Pусский
cn,913.0,广州话 / 廣州話
en,913.0,English
zh,913.0,普通话
en,914.0,English
es,914.0,Español
cs,915.0,Český
de,915.0,Deutsch
en,915.0,English
ja,916.0,日本語
en,917.0,English
en,918.0,English
ta,919.0,தமிழ்
te,919.0,తెలుగు
en,920.0,English
en,921.0,English
en,922.0,English
en,923.0,English
en,924.0,English
es,925.0,Español
en,926.0,English
en,927.0,English
en,928.0,English
en,929.0,English
en,930.0,English
en,931.0,English
ur,932.0,اردو
en,933.0,English
en,934.0,English
en,935.0,English
it,935.0,Italiano
en,936.0,English
ta,937.0,தமிழ்
cn,938.0,广州话 / 廣州話
en,939.0,English
en,940.0,English
en,941.0,English
en,942.0,English
en,943.0,English
ja,944.0,日本語
en,945.0,English
ko,945.0,한국어/조선말
en,946.0,English
en,947.0,English
fr,947.0,Français
it,947.0,Italiano
ru,947.0,Pусский
es,947.0,Español
en,948.0,English
en,949.0,English
vi,949.0,Tiếng Việt
en,950.0,English
en,951.0,English
en,952.0,English
en,953.0,English
it,954.0,Italiano
en,954.0,English
en,955.0,English
it,955.0,Italiano
en,956.0,English
en,957.0,English
en,958.0,English
it,958.0,Italiano
en,959.0,English
en,960.0,English
cs,961.0,Český
de,961.0,Deutsch
en,962.0,English
en,963.0,English
fr,964.0,Français
ar,965.0,العربية
en,965.0,English
fr,965.0,Français
it,965.0,Italiano
en,966.0,English
en,967.0,English
fr,967.0,Français
it,967.0,Italiano
en,968.0,English
en,969.0,English
fr,969.0,Français
en,970.0,English
es,970.0,Español
hi,971.0,हिन्दी
en,972.0,English
es,973.0,Español
en,973.0,English
en,974.0,English
en,975.0,English
en,976.0,English
en,977.0,English
it,978.0,Italiano
en,979.0,English
la,979.0,Latin
en,981.0,English
en,982.0,English
fr,982.0,Français
ru,982.0,Pусский
es,983.0,Español
en,984.0,English
fr,984.0,Français
es,984.0,Español
en,985.0,English
en,986.0,English
en,987.0,English
en,988.0,English
en,989.0,English
hu,989.0,Magyar
en,990.0,English
en,991.0,English
am,992.0,
en,993.0,English
it,993.0,Italiano
en,994.0,English
en,995.0,English
de,996.0,Deutsch
ja,996.0,日本語
it,997.0,Italiano
de,997.0,Deutsch
en,997.0,English
ja,997.0,日本語
en,998.0,English
en,999.0,English
en,1000.0,English
fr,1000.0,Français
en,1001.0,English
da,1002.0,Dansk
en,1002.0,English
en,1003.0,English
en,1004.0,English
pt,1004.0,Português
en,1005.0,English
hi,1005.0,हिन्दी
en,1006.0,English
en,1007.0,English
en,1008.0,English
en,1009.0,English
en,1010.0,English
la,1010.0,Latin
es,1010.0,Español
en,1011.0,English
en,1012.0,English
en,1013.0,English
en,1014.0,English
es,1014.0,Español
en,1015.0,English
ta,1016.0,தமிழ்
en,1017.0,English
en,1018.0,English
en,1019.0,English
en,1020.0,English
en,1021.0,English
en,1022.0,English
ar,1022.0,العربية
en,1023.0,English
ja,1023.0,日本語
sv,1023.0,svenska
en,1024.0,English
en,1025.0,English
en,1026.0,English
en,1027.0,English
en,1028.0,English
en,1029.0,English
en,1030.0,English
en,1031.0,English
he,1032.0,עִבְרִית
ar,1032.0,العربية
de,1032.0,Deutsch
en,1032.0,English
es,1033.0,Español
en,1034.0,English
fr,1034.0,Français
hu,1034.0,Magyar
en,1035.0,English
it,1035.0,Italiano
en,1036.0,English
en,1037.0,English
en,1038.0,English
en,1039.0,English
en,1040.0,English
en,1041.0,English
en,1042.0,English
ko,1042.0,한국어/조선말
la,1043.0,Latin
en,1043.0,English
es,1043.0,Español
en,1044.0,English
fr,1045.0,Français
ru,1045.0,Pусский
en,1046.0,English
en,1047.0,English
en,1048.0,English
ar,1048.0,العربية
de,1048.0,Deutsch
en,1049.0,English
en,1050.0,English
en,1051.0,English
en,1052.0,English
en,1053.0,English
es,1054.0,Español
en,1055.0,English
en,1056.0,English
en,1057.0,English
es,1057.0,Español
en,1058.0,English
en,1059.0,English
it,1059.0,Italiano
en,1060.0,English
ar,1060.0,العربية
fr,1060.0,Français
de,1060.0,Deutsch
ru,1060.0,Pусский
cs,1060.0,Český
sk,1060.0,Slovenčina
cs,1061.0,Český
en,1061.0,English
ja,1061.0,日本語
zh,1061.0,普通话
ru,1061.0,Pусский
en,1062.0,English
en,1063.0,English
en,1064.0,English
de,1064.0,Deutsch
en,1065.0,English
es,1066.0,Español
en,1066.0,English
fr,1066.0,Français
fr,1067.0,Français
en,1068.0,English
en,1069.0,English
de,1069.0,Deutsch
pt,1070.0,Português
en,1071.0,English
cn,1072.0,广州话 / 廣州話
zh,1072.0,普通话
pt,1072.0,Português
th,1072.0,ภาษาไทย
en,1073.0,English
en,1074.0,English
fr,1074.0,Français
en,1075.0,English
de,1075.0,Deutsch
es,1075.0,Español
no,1076.0,Norsk
en,1077.0,English
en,1078.0,English
en,1079.0,English
fr,1080.0,Français
en,1081.0,English
en,1082.0,English
en,1083.0,English
en,1084.0,English
fr,1084.0,Français
it,1084.0,Italiano
ar,1085.0,العربية
en,1085.0,English
es,1086.0,Español
en,1087.0,English
en,1088.0,English
it,1089.0,Italiano
es,1089.0,Español
en,1090.0,English
en,1091.0,English
en,1092.0,English
nl,1093.0,Nederlands
en,1094.0,English
it,1094.0,Italiano
la,1094.0,Latin
en,1095.0,English
en,1096.0,English
ru,1096.0,Pусский
es,1096.0,Español
fr,1097.0,Français
en,1097.0,English
zh,1098.0,普通话
en,1099.0,English
en,1100.0,English
fr,1100.0,Français
es,1101.0,Español
en,1103.0,English
es,1103.0,Español
en,1104.0,English
en,1105.0,English
fr,1105.0,Français
de,1105.0,Deutsch
th,1105.0,ภาษาไทย
it,1106.0,Italiano
en,1107.0,English
en,1108.0,English
en,1109.0,English
en,1110.0,English
en,1111.0,English
en,1112.0,English
en,1113.0,English
pt,1113.0,Português
es,1113.0,Español
es,1114.0,Español
en,1115.0,English
en,1116.0,English
it,1116.0,Italiano
ar,1116.0,العربية
en,1117.0,English
en,1118.0,English
en,1119.0,English
en,1120.0,English
en,1121.0,English
en,1122.0,English
en,1123.0,English
en,1124.0,English
en,1125.0,English
en,1126.0,English
ru,1126.0,Pусский
en,1127.0,English
en,1128.0,English
ru,1128.0,Pусский
en,1129.0,English
en,1130.0,English
en,1131.0,English
en,1132.0,English
de,1132.0,Deutsch
ro,1132.0,Română
en,1133.0,English
pt,1133.0,Português
tl,1133.0,
en,1134.0,English
en,1135.0,English
fr,1135.0,Français
en,1136.0,English
en,1137.0,English
de,1137.0,Deutsch
ja,1137.0,日本語
en,1138.0,English
en,1139.0,English
en,1140.0,English
en,1141.0,English
de,1141.0,Deutsch
it,1141.0,Italiano
ko,1142.0,한국어/조선말
en,1143.0,English
de,1144.0,Deutsch
fr,1144.0,Français
it,1144.0,Italiano
en,1144.0,English
en,1145.0,English
en,1146.0,English
en,1147.0,English
ru,1147.0,Pусский
en,1148.0,English
sw,1149.0,Kiswahili
en,1149.0,English
de,1149.0,Deutsch
vi,1149.0,Tiếng Việt
en,1150.0,English
de,1150.0,Deutsch
en,1151.0,English
es,1152.0,Español
en,1152.0,English
en,1153.0,English
nl,1153.0,Nederlands
pl,1153.0,Polski
de,1153.0,Deutsch
la,1153.0,Latin
en,1154.0,English
en,1155.0,English
en,1156.0,English
fr,1156.0,Français
en,1157.0,English
ko,1158.0,한국어/조선말
en,1159.0,English
en,1160.0,English
en,1161.0,English
xx,1162.0,No Language
en,1163.0,English
hu,1163.0,Magyar
en,1164.0,English
en,1165.0,English
en,1166.0,English
zh,1166.0,普通话
ru,1166.0,Pусский
en,1167.0,English
en,1168.0,English
en,1169.0,English
en,1170.0,English
en,1171.0,English
en,1172.0,English
en,1173.0,English
en,1174.0,English
en,1175.0,English
pl,1175.0,Polski
ru,1175.0,Pусский
en,1176.0,English
en,1177.0,English
en,1178.0,English
en,1179.0,English
en,1180.0,English
es,1180.0,Español
en,1181.0,English
fr,1182.0,Français
en,1183.0,English
sv,1183.0,svenska
de,1183.0,Deutsch
cs,1184.0,Český
en,1184.0,English
fr,1184.0,Français
en,1185.0,English
en,1186.0,English
fr,1186.0,Français
de,1186.0,Deutsch
es,1187.0,Español
fr,1188.0,Français
en,1189.0,English
sv,1189.0,svenska
en,1190.0,English
en,1191.0,English
fr,1191.0,Français
de,1191.0,Deutsch
en,1192.0,English
sq,1193.0,shqip
en,1193.0,English
it,1194.0,Italiano
el,1194.0,ελληνικά
en,1194.0,English
en,1195.0,English
en,1196.0,English
ar,1196.0,العربية
fr,1197.0,Français
en,1197.0,English
en,1198.0,English
en,1199.0,English
en,1200.0,English
zh,1201.0,普通话
es,1201.0,Español
en,1202.0,English
ta,1203.0,தமிழ்
en,1204.0,English
fr,1204.0,Français
de,1204.0,Deutsch
ru,1204.0,Pусский
en,1205.0,English
en,1206.0,English
it,1207.0,Italiano
en,1208.0,English
en,1209.0,English
en,1210.0,English
ru,1210.0,Pусский
en,1211.0,English
fr,1212.0,Français
de,1212.0,Deutsch
en,1212.0,English
es,1212.0,Español
ar,1212.0,العربية
hu,1212.0,Magyar
ja,1212.0,日本語
ru,1212.0,Pусский
en,1213.0,English
es,1213.0,Español
en,1214.0,English
en,1215.0,English
ru,1216.0,Pусский
en,1216.0,English
fr,1216.0,Français
en,1217.0,English
en,1218.0,English
es,1219.0,Español
en,1220.0,English
en,1221.0,English
en,1222.0,English
en,1223.0,English
ja,1223.0,日本語
it,1223.0,Italiano
fr,1223.0,Français
en,1224.0,English
es,1224.0,Español
en,1225.0,English
en,1226.0,English
en,1227.0,English
pt,1227.0,Português
en,1228.0,English
en,1229.0,English
en,1230.0,English
en,1231.0,English
en,1232.0,English
es,1232.0,Español
en,1233.0,English
en,1234.0,English
en,1235.0,English
ru,1235.0,Pусский
en,1236.0,English
en,1237.0,English
fr,1237.0,Français
it,1237.0,Italiano
en,1238.0,English
en,1239.0,English
en,1240.0,English
hi,1241.0,हिन्दी
en,1242.0,English
es,1242.0,Español
cs,1243.0,Český
en,1243.0,English
en,1244.0,English
en,1245.0,English
fr,1245.0,Français
zh,1245.0,普通话
en,1246.0,English
en,1247.0,English
ja,1248.0,日本語
es,1248.0,Español
en,1249.0,English
es,1249.0,Español
ar,1249.0,العربية
la,1249.0,Latin
en,1250.0,English
en,1251.0,English
en,1252.0,English
en,1253.0,English
en,1254.0,English
en,1255.0,English
fr,1255.0,Français
ru,1255.0,Pусский
en,1256.0,English
en,1257.0,English
es,1257.0,Español
de,1258.0,Deutsch
en,1259.0,English
en,1260.0,English
fr,1260.0,Français
en,1261.0,English
fr,1262.0,Français
de,1263.0,Deutsch
en,1263.0,English
en,1264.0,English
en,1265.0,English
en,1266.0,English
en,1267.0,English
en,1268.0,English
fr,1268.0,Français
en,1269.0,English
en,1270.0,English
fr,1270.0,Français
en,1271.0,English
en,1272.0,English
en,1273.0,English
es,1274.0,Español
en,1274.0,English
en,1275.0,English
en,1276.0,English
de,1277.0,Deutsch
fr,1277.0,Français
en,1277.0,English
en,1278.0,English
en,1279.0,English
ru,1280.0,Pусский
ja,1281.0,日本語
en,1282.0,English
en,1283.0,English
fr,1283.0,Français
ru,1283.0,Pусский
es,1283.0,Español
en,1284.0,English
en,1285.0,English
es,1285.0,Español
en,1286.0,English
en,1287.0,English
en,1288.0,English
en,1289.0,English
en,1290.0,English
en,1291.0,English
en,1292.0,English
hi,1292.0,हिन्दी
ko,1293.0,한국어/조선말
en,1293.0,English
es,1294.0,Español
en,1294.0,English
en,1295.0,English
en,1296.0,English
en,1297.0,English
en,1298.0,English
en,1299.0,English
en,1300.0,English
en,1301.0,English
en,1302.0,English
en,1303.0,English
fr,1303.0,Français
de,1303.0,Deutsch
pl,1303.0,Polski
ru,1303.0,Pусский
en,1304.0,English
xx,1305.0,No Language
en,1306.0,English
ru,1306.0,Pусский
en,1307.0,English
fr,1307.0,Français
zh,1307.0,普通话
en,1308.0,English
en,1309.0,English
en,1310.0,English
en,1311.0,English
pl,1311.0,Polski
en,1312.0,English
fr,1312.0,Français
la,1312.0,Latin
es,1312.0,Español
en,1313.0,English
en,1314.0,English
fr,1314.0,Français
en,1315.0,English
en,1316.0,English
en,1317.0,English
en,1318.0,English
uk,1318.0,Український
ru,1318.0,Pусский
en,1319.0,English
en,1320.0,English
en,1321.0,English
eo,1322.0,Esperanto
en,1322.0,English
en,1323.0,English
en,1324.0,English
ru,1325.0,Pусский
en,1326.0,English
en,1327.0,English
en,1328.0,English
en,1329.0,English
fr,1330.0,Français
en,1331.0,English
ar,1332.0,العربية
en,1333.0,English
es,1333.0,Español
en,1335.0,English
zh,1335.0,普通话
en,1337.0,English
en,1338.0,English
en,1339.0,English
ru,1340.0,Pусский
en,1341.0,English
it,1341.0,Italiano
es,1341.0,Español
en,1342.0,English
ar,1343.0,العربية
da,1343.0,Dansk
en,1343.0,English
en,1344.0,English
fr,1344.0,Français
en,1345.0,English
en,1346.0,English
en,1347.0,English
en,1348.0,English
en,1349.0,English
en,1350.0,English
en,1351.0,English
en,1352.0,English
pl,1352.0,Polski
en,1353.0,English
en,1354.0,English
en,1355.0,English
en,1356.0,English
ja,1356.0,日本語
en,1357.0,English
en,1358.0,English
en,1359.0,English
en,1360.0,English
en,1361.0,English
ru,1362.0,Pусский
en,1363.0,English
en,1364.0,English
en,1365.0,English
es,1365.0,Español
eu,1365.0,euskera
en,1366.0,English
en,1367.0,English
en,1368.0,English
en,1369.0,English
ko,1370.0,한국어/조선말
en,1371.0,English
en,1372.0,English
it,1373.0,Italiano
sv,1374.0,svenska
en,1374.0,English
en,1375.0,English
es,1375.0,Español
en,1376.0,English
en,1377.0,English
en,1378.0,English
en,1379.0,English
en,1380.0,English
de,1380.0,Deutsch
tr,1380.0,Türkçe
ta,1381.0,தமிழ்
te,1381.0,తెలుగు
en,1382.0,English
en,1383.0,English
en,1384.0,English
en,1385.0,English
fr,1385.0,Français
en,1386.0,English
en,1387.0,English
en,1388.0,English
en,1389.0,English
en,1390.0,English
en,1391.0,English
nl,1392.0,Nederlands
en,1392.0,English
en,1393.0,English
en,1394.0,English
en,1395.0,English
en,1396.0,English
ja,1396.0,日本語
ko,1396.0,한국어/조선말
en,1397.0,English
en,1398.0,English
en,1399.0,English
en,1400.0,English
en,1401.0,English
en,1402.0,English
es,1402.0,Español
fr,1402.0,Français
ru,1402.0,Pусский
sa,1403.0,
en,1403.0,English
ta,1403.0,தமிழ்
en,1404.0,English
en,1405.0,English
en,1406.0,English
ru,1407.0,Pусский
he,1408.0,עִבְרִית
en,1408.0,English
en,1409.0,English
es,1409.0,Español
th,1409.0,ภาษาไทย
vi,1409.0,Tiếng Việt
ko,1410.0,한국어/조선말
en,1411.0,English
en,1412.0,English
en,1413.0,English
en,1414.0,English
en,1415.0,English
ar,1416.0,العربية
fr,1416.0,Français
en,1417.0,English
en,1418.0,English
en,1419.0,English
en,1420.0,English
it,1420.0,Italiano
en,1421.0,English
ru,1421.0,Pусский
fr,1422.0,Français
en,1423.0,English
en,1424.0,English
en,1425.0,English
en,1426.0,English
fr,1426.0,Français
de,1426.0,Deutsch
en,1427.0,English
es,1427.0,Español
de,1427.0,Deutsch
en,1428.0,English
pt,1429.0,Português
en,1429.0,English
th,1429.0,ภาษาไทย
en,1430.0,English
fr,1431.0,Français
es,1432.0,Español
en,1432.0,English
en,1433.0,English
en,1434.0,English
en,1435.0,English
ru,1436.0,Pусский
tr,1436.0,Türkçe
el,1436.0,ελληνικά
en,1436.0,English
pl,1437.0,Polski
ru,1437.0,Pусский
en,1438.0,English
fr,1438.0,Français
en,1439.0,English
en,1440.0,English
en,1441.0,English
en,1442.0,English
en,1443.0,English
en,1444.0,English
vi,1444.0,Tiếng Việt
fr,1445.0,Français
en,1445.0,English
en,1446.0,English
en,1447.0,English
en,1448.0,English
en,1449.0,English
en,1450.0,English
cn,1451.0,广州话 / 廣州話
en,1451.0,English
en,1452.0,English
en,1453.0,English
es,1453.0,Español
ru,1454.0,Pусский
en,1455.0,English
en,1456.0,English
en,1457.0,English
en,1458.0,English
en,1459.0,English
fr,1459.0,Français
it,1459.0,Italiano
no,1460.0,Norsk
en,1461.0,English
en,1462.0,English
en,1463.0,English
en,1464.0,English
ru,1465.0,Pусский
de,1466.0,Deutsch
ru,1466.0,Pусский
en,1467.0,English
en,1468.0,English
en,1469.0,English
fr,1469.0,Français
en,1470.0,English
ru,1471.0,Pусский
en,1472.0,English
es,1472.0,Español
en,1473.0,English
en,1474.0,English
en,1475.0,English
en,1476.0,English
en,1477.0,English
es,1477.0,Español
en,1478.0,English
en,1479.0,English
tr,1479.0,Türkçe
en,1480.0,English
en,1481.0,English
en,1482.0,English
en,1483.0,English
th,1483.0,ภาษาไทย
en,1485.0,English
de,1485.0,Deutsch
en,1486.0,English
ru,1486.0,Pусский
en,1487.0,English
en,1488.0,English
ru,1489.0,Pусский
fr,1490.0,Français
en,1490.0,English
es,1491.0,Español
hi,1492.0,हिन्दी
en,1493.0,English
en,1494.0,English
en,1495.0,English
en,1496.0,English
hu,1496.0,Magyar
en,1497.0,English
en,1498.0,English
ja,1498.0,日本語
pl,1498.0,Polski
en,1499.0,English
en,1500.0,English
en,1501.0,English
pt,1501.0,Português
en,1502.0,English
en,1503.0,English
ru,1503.0,Pусский
en,1505.0,English
en,1506.0,English
en,1507.0,English
en,1508.0,English
fr,1508.0,Français
en,1509.0,English
en,1510.0,English
en,1511.0,English
ru,1511.0,Pусский
en,1512.0,English
de,1513.0,Deutsch
en,1513.0,English
en,1514.0,English
en,1515.0,English
en,1516.0,English
en,1517.0,English
en,1518.0,English
pt,1518.0,Português
es,1518.0,Español
en,1519.0,English
en,1520.0,English
en,1521.0,English
en,1522.0,English
ru,1523.0,Pусский
en,1524.0,English
fr,1524.0,Français
en,1525.0,English
en,1526.0,English
en,1527.0,English
es,1527.0,Español
en,1528.0,English
ja,1529.0,日本語
fr,1529.0,Français
ru,1529.0,Pусский
en,1529.0,English
ar,1529.0,العربية
en,1530.0,English
en,1531.0,English
en,1532.0,English
en,1533.0,English
en,1534.0,English
en,1535.0,English
en,1536.0,English
en,1537.0,English
de,1537.0,Deutsch
fr,1539.0,Français
en,1539.0,English
en,1540.0,English
es,1540.0,Español
en,1541.0,English
it,1541.0,Italiano
ru,1542.0,Pусский
fr,1543.0,Français
en,1544.0,English
en,1545.0,English
en,1546.0,English
en,1547.0,English
ur,1547.0,اردو
en,1548.0,English
ta,1549.0,தமிழ்
en,1550.0,English
en,1551.0,English
en,1552.0,English
en,1553.0,English
en,1554.0,English
en,1555.0,English
it,1555.0,Italiano
en,1556.0,English
de,1556.0,Deutsch
es,1557.0,Español
en,1557.0,English
en,1558.0,English
it,1558.0,Italiano
es,1558.0,Español
en,1559.0,English
en,1560.0,English
en,1561.0,English
en,1562.0,English
ja,1563.0,日本語
en,1564.0,English
es,1564.0,Español
en,1565.0,English
es,1565.0,Español
en,1566.0,English
en,1567.0,English
en,1568.0,English
en,1569.0,English
en,1570.0,English
en,1571.0,English
en,1572.0,English
fr,1572.0,Français
ru,1572.0,Pусский
hi,1573.0,हिन्दी
en,1574.0,English
en,1575.0,English
en,1576.0,English
ja,1577.0,日本語
en,1577.0,English
en,1578.0,English
en,1579.0,English
zh,1580.0,普通话
th,1580.0,ภาษาไทย
en,1581.0,English
de,1581.0,Deutsch
sw,1581.0,Kiswahili
es,1582.0,Español
en,1582.0,English
de,1582.0,Deutsch
nl,1582.0,Nederlands
fr,1582.0,Français
en,1583.0,English
en,1584.0,English
en,1585.0,English
en,1586.0,English
en,1587.0,English
fa,1587.0,فارسی
en,1588.0,English
en,1589.0,English
en,1590.0,English
en,1591.0,English
en,1592.0,English
es,1592.0,Español
en,1593.0,English
es,1594.0,Español
en,1594.0,English
en,1595.0,English
en,1596.0,English
fr,1597.0,Français
es,1597.0,Español
en,1597.0,English
en,1598.0,English
en,1599.0,English
ru,1600.0,Pусский
en,1601.0,English
en,1602.0,English
en,1603.0,English
cs,1604.0,Český
en,1604.0,English
en,1605.0,English
pt,1605.0,Português
it,1606.0,Italiano
en,1607.0,English
fr,1607.0,Français
en,1608.0,English
en,1609.0,English
en,1610.0,English
en,1611.0,English
cs,1612.0,Český
en,1612.0,English
en,1613.0,English
fr,1613.0,Français
de,1613.0,Deutsch
ru,1613.0,Pусский
en,1614.0,English
es,1614.0,Español
en,1615.0,English
af,1616.0,Afrikaans
ny,1616.0,
st,1616.0,
xh,1616.0,
zu,1616.0,isiZulu
en,1616.0,English
en,1617.0,English
en,1618.0,English
en,1619.0,English
es,1619.0,Español
en,1620.0,English
en,1621.0,English
fr,1621.0,Français
en,1622.0,English
en,1624.0,English
fr,1624.0,Français
it,1624.0,Italiano
en,1625.0,English
es,1625.0,Español
el,1625.0,ελληνικά
en,1626.0,English
en,1627.0,English
fr,1627.0,Français
en,1628.0,English
en,1629.0,English
fr,1629.0,Français
en,1630.0,English
en,1631.0,English
en,1632.0,English
ru,1633.0,Pусский
ja,1634.0,日本語
en,1634.0,English
en,1635.0,English
en,1636.0,English
en,1637.0,English
en,1638.0,English
ja,1639.0,日本語
en,1640.0,English
hi,1641.0,हिन्दी
en,1642.0,English
de,1643.0,Deutsch
en,1643.0,English
da,1643.0,Dansk
zh,1643.0,普通话
cn,1643.0,广州话 / 廣州話
en,1644.0,English
en,1645.0,English
it,1646.0,Italiano
en,1646.0,English
en,1647.0,English
en,1648.0,English
en,1650.0,English
ru,1650.0,Pусский
uk,1650.0,Український
en,1651.0,English
fr,1651.0,Français
en,1652.0,English
ru,1652.0,Pусский
uk,1652.0,Український
zh,1652.0,普通话
cn,1652.0,广州话 / 廣州話
en,1653.0,English
en,1654.0,English
ko,1655.0,한국어/조선말
en,1656.0,English
fr,1656.0,Français
de,1656.0,Deutsch
es,1656.0,Español
hi,1657.0,हिन्दी
ta,1657.0,தமிழ்
en,1658.0,English
en,1659.0,English
en,1660.0,English
es,1660.0,Español
en,1661.0,English
en,1662.0,English
en,1663.0,English
en,1664.0,English
it,1664.0,Italiano
en,1665.0,English
ru,1665.0,Pусский
es,1665.0,Español
en,1666.0,English
en,1667.0,English
en,1668.0,English
ru,1668.0,Pусский
de,1668.0,Deutsch
en,1669.0,English
en,1670.0,English
es,1670.0,Español
en,1671.0,English
en,1672.0,English
en,1673.0,English
en,1674.0,English
zh,1674.0,普通话
en,1675.0,English
en,1676.0,English
fr,1676.0,Français
pt,1677.0,Português
es,1678.0,Español
en,1678.0,English
en,1679.0,English
en,1680.0,English
fa,1681.0,فارسی
en,1682.0,English
en,1683.0,English
en,1684.0,English
ru,1685.0,Pусский
en,1686.0,English
ru,1686.0,Pусский
en,1687.0,English
de,1687.0,Deutsch
it,1687.0,Italiano
es,1687.0,Español
en,1688.0,English
en,1689.0,English
fr,1690.0,Français
mi,1691.0,
en,1692.0,English
en,1693.0,English
en,1694.0,English
hi,1695.0,हिन्दी
en,1696.0,English
en,1697.0,English
fr,1697.0,Français
it,1697.0,Italiano
en,1698.0,English
en,1699.0,English
en,1700.0,English
es,1700.0,Español
en,1701.0,English
fr,1701.0,Français
hu,1701.0,Magyar
fr,1702.0,Français
en,1703.0,English
en,1704.0,English
pa,1704.0,ਪੰਜਾਬੀ
en,1705.0,English
en,1706.0,English
en,1707.0,English
es,1707.0,Español
en,1708.0,English
en,1709.0,English
en,1710.0,English
it,1710.0,Italiano
es,1711.0,Español
en,1711.0,English
en,1712.0,English
en,1713.0,English
en,1714.0,English
fa,1714.0,فارسی
ru,1714.0,Pусский
en,1715.0,English
en,1716.0,English
pl,1717.0,Polski
es,1717.0,Español
en,1718.0,English
it,1719.0,Italiano
hi,1720.0,हिन्दी
en,1721.0,English
en,1722.0,English
de,1722.0,Deutsch
es,1722.0,Español
en,1723.0,English
en,1724.0,English
sv,1725.0,svenska
en,1725.0,English
fr,1725.0,Français
de,1725.0,Deutsch
tr,1725.0,Türkçe
it,1725.0,Italiano
en,1726.0,English
en,1727.0,English
it,1727.0,Italiano
es,1727.0,Español
en,1728.0,English
en,1729.0,English
hi,1730.0,हिन्दी
ml,1730.0,
ta,1730.0,தமிழ்
es,1731.0,Español
hi,1732.0,हिन्दी
ta,1732.0,தமிழ்
hi,1733.0,हिन्दी
fr,1734.0,Français
en,1735.0,English
en,1736.0,English
es,1736.0,Español
en,1737.0,English
en,1738.0,English
en,1739.0,English
en,1740.0,English
en,1741.0,English
en,1742.0,English
en,1743.0,English
it,1743.0,Italiano
en,1744.0,English
en,1745.0,English
en,1746.0,English
en,1747.0,English
en,1748.0,English
en,1749.0,English
fr,1750.0,Français
en,1751.0,English
zh,1751.0,普通话
fr,1752.0,Français
en,1753.0,English
fr,1753.0,Français
de,1753.0,Deutsch
fr,1754.0,Français
ro,1754.0,Română
ru,1755.0,Pусский
en,1755.0,English
el,1756.0,ελληνικά
en,1756.0,English
cn,1757.0,广州话 / 廣州話
zh,1757.0,普通话
en,1758.0,English
vi,1758.0,Tiếng Việt
en,1759.0,English
en,1760.0,English
ru,1760.0,Pусский
en,1762.0,English
en,1763.0,English
de,1763.0,Deutsch
yi,1763.0,
xx,1764.0,No Language
ja,1765.0,日本語
th,1765.0,ภาษาไทย
en,1765.0,English
en,1766.0,English
fr,1766.0,Français
so,1766.0,Somali
hi,1767.0,हिन्दी
fr,1768.0,Français
en,1768.0,English
en,1769.0,English
he,1769.0,עִבְרִית
en,1770.0,English
es,1770.0,Español
en,1771.0,English
ko,1772.0,한국어/조선말
en,1773.0,English
fr,1773.0,Français
en,1774.0,English
en,1775.0,English
hu,1775.0,Magyar
ru,1775.0,Pусский
en,1776.0,English
en,1777.0,English
en,1778.0,English
en,1779.0,English
en,1780.0,English
fr,1780.0,Français
it,1780.0,Italiano
en,1781.0,English
fr,1782.0,Français
gd,1782.0,
en,1782.0,English
sv,1783.0,svenska
en,1783.0,English
fr,1783.0,Français
en,1784.0,English
es,1784.0,Español
en,1785.0,English
en,1786.0,English
en,1787.0,English
en,1788.0,English
en,1789.0,English
es,1789.0,Español
en,1790.0,English
en,1791.0,English
fr,1791.0,Français
pl,1792.0,Polski
en,1793.0,English
hu,1794.0,Magyar
sk,1794.0,Slovenčina
en,1795.0,English
de,1796.0,Deutsch
es,1796.0,Español
en,1796.0,English
en,1797.0,English
so,1797.0,Somali
en,1798.0,English
en,1799.0,English
sv,1800.0,svenska
it,1800.0,Italiano
fr,1800.0,Français
en,1801.0,English
fr,1801.0,Français
en,1802.0,English
en,1803.0,English
en,1804.0,English
en,1805.0,English
en,1806.0,English
lo,1806.0,
en,1807.0,English
sv,1808.0,svenska
pt,1809.0,Português
es,1809.0,Español
en,1810.0,English
es,1810.0,Español
fr,1811.0,Français
en,1812.0,English
en,1813.0,English
cn,1814.0,广州话 / 廣州話
ru,1815.0,Pусский
es,1816.0,Español
en,1816.0,English
en,1817.0,English
en,1818.0,English
en,1819.0,English
ru,1820.0,Pусский
en,1821.0,English
es,1822.0,Español
en,1823.0,English
en,1824.0,English
en,1825.0,English
en,1826.0,English
en,1827.0,English
ja,1828.0,日本語
en,1829.0,English
en,1830.0,English
fr,1830.0,Français
de,1830.0,Deutsch
en,1831.0,English
ru,1832.0,Pусский
en,1833.0,English
fr,1833.0,Français
ko,1834.0,한국어/조선말
en,1835.0,English
en,1836.0,English
en,1837.0,English
ru,1837.0,Pусский
es,1837.0,Español
en,1838.0,English
sr,1838.0,Srpski
es,1838.0,Español
en,1839.0,English
es,1839.0,Español
it,1839.0,Italiano
fr,1839.0,Français
de,1839.0,Deutsch
en,1840.0,English
en,1841.0,English
en,1842.0,English
en,1843.0,English
da,1844.0,Dansk
en,1845.0,English
en,1846.0,English
nl,1847.0,Nederlands
en,1847.0,English
de,1847.0,Deutsch
en,1848.0,English
en,1849.0,English
ta,1850.0,தமிழ்
en,1851.0,English
pt,1851.0,Português
en,1852.0,English
en,1853.0,English
de,1853.0,Deutsch
en,1854.0,English
en,1855.0,English
en,1856.0,English
hi,1856.0,हिन्दी
de,1856.0,Deutsch
bo,1856.0,
en,1857.0,English
it,1858.0,Italiano
en,1859.0,English
cn,1859.0,广州话 / 廣州話
en,1860.0,English
en,1861.0,English
en,1862.0,English
en,1863.0,English
en,1864.0,English
en,1865.0,English
en,1866.0,English
ar,1867.0,العربية
en,1867.0,English
th,1867.0,ภาษาไทย
en,1868.0,English
en,1869.0,English
zh,1869.0,普通话
it,1870.0,Italiano
en,1870.0,English
en,1871.0,English
en,1872.0,English
en,1873.0,English
zh,1874.0,普通话
nl,1875.0,Nederlands
en,1876.0,English
en,1877.0,English
en,1878.0,English
fr,1879.0,Français
en,1879.0,English
en,1880.0,English
en,1881.0,English
en,1882.0,English
en,1883.0,English
ja,1884.0,日本語
en,1885.0,English
es,1886.0,Español
fr,1887.0,Français
en,1888.0,English
en,1889.0,English
ar,1890.0,العربية
en,1890.0,English
fr,1890.0,Français
it,1890.0,Italiano
la,1890.0,Latin
ru,1891.0,Pусский
en,1892.0,English
es,1893.0,Español
en,1893.0,English
en,1894.0,English
en,1895.0,English
en,1896.0,English
fr,1896.0,Français
en,1897.0,English
en,1898.0,English
en,1899.0,English
hi,1900.0,हिन्दी
en,1901.0,English
en,1902.0,English
en,1903.0,English
ru,1903.0,Pусский
fi,1904.0,suomi
sv,1904.0,svenska
en,1905.0,English
en,1906.0,English
en,1907.0,English
en,1908.0,English
en,1909.0,English
en,1910.0,English
is,1911.0,Íslenska
en,1911.0,English
ru,1911.0,Pусский
fr,1911.0,Français
es,1912.0,Español
cn,1913.0,广州话 / 廣州話
zh,1913.0,普通话
es,1913.0,Español
wo,1913.0,Wolof
en,1914.0,English
en,1915.0,English
fr,1916.0,Français
en,1917.0,English
en,1919.0,English
en,1920.0,English
it,1920.0,Italiano
pl,1920.0,Polski
en,1921.0,English
en,1922.0,English
en,1923.0,English
pt,1923.0,Português
en,1925.0,English
en,1926.0,English
el,1927.0,ελληνικά
en,1927.0,English
it,1927.0,Italiano
en,1928.0,English
ta,1928.0,தமிழ்
hi,1928.0,हिन्दी
en,1929.0,English
it,1930.0,Italiano
en,1930.0,English
en,1931.0,English
en,1932.0,English
en,1933.0,English
es,1933.0,Español
en,1934.0,English
en,1935.0,English
en,1936.0,English
ru,1937.0,Pусский
en,1937.0,English
en,1938.0,English
en,1939.0,English
es,1939.0,Español
en,1940.0,English
vi,1940.0,Tiếng Việt
en,1941.0,English
en,1942.0,English
pt,1942.0,Português
en,1943.0,English
es,1943.0,Español
en,1944.0,English
he,1944.0,עִבְרִית
hu,1944.0,Magyar
en,1945.0,English
en,1946.0,English
en,1947.0,English
en,1948.0,English
zh,1948.0,普通话
hi,1949.0,हिन्दी
en,1950.0,English
it,1950.0,Italiano
en,1951.0,English
ru,1951.0,Pусский
es,1951.0,Español
en,1952.0,English
fr,1952.0,Français
de,1952.0,Deutsch
es,1952.0,Español
en,1953.0,English
en,1954.0,English
en,1955.0,English
fr,1955.0,Français
vi,1955.0,Tiếng Việt
en,1956.0,English
en,1957.0,English
de,1957.0,Deutsch
en,1958.0,English
it,1959.0,Italiano
en,1960.0,English
en,1961.0,English
en,1962.0,English
en,1963.0,English
de,1964.0,Deutsch
en,1964.0,English
fr,1965.0,Français
en,1966.0,English
en,1967.0,English
ro,1967.0,Română
en,1968.0,English
it,1968.0,Italiano
en,1969.0,English
af,1969.0,Afrikaans
es,1969.0,Español
en,1970.0,English
fi,1971.0,suomi
en,1971.0,English
en,1972.0,English
en,1973.0,English
en,1974.0,English
en,1975.0,English
ru,1976.0,Pусский
en,1977.0,English
en,1978.0,English
en,1979.0,English
zh,1980.0,普通话
ja,1980.0,日本語
cn,1980.0,广州话 / 廣州話
en,1981.0,English
en,1982.0,English
en,1983.0,English
en,1984.0,English
et,1985.0,Eesti
en,1985.0,English
ko,1985.0,한국어/조선말
ro,1986.0,Română
tr,1986.0,Türkçe
zh,1987.0,普通话
en,1987.0,English
de,1988.0,Deutsch
hi,1988.0,हिन्दी
en,1989.0,English
hi,1990.0,हिन्दी
en,1991.0,English
en,1992.0,English
ta,1993.0,தமிழ்
en,1994.0,English
en,1995.0,English
de,1996.0,Deutsch
en,1996.0,English
fr,1996.0,Français
it,1996.0,Italiano
ar,1997.0,العربية
en,1997.0,English
en,1998.0,English
fr,1998.0,Français
fr,1999.0,Français
en,1999.0,English
en,2000.0,English
en,2001.0,English
en,2002.0,English
de,2002.0,Deutsch
en,2003.0,English
en,2004.0,English
ru,2005.0,Pусский
en,2005.0,English
en,2006.0,English
de,2006.0,Deutsch
es,2006.0,Español
en,2007.0,English
en,2008.0,English
es,2008.0,Español
ru,2009.0,Pусский
ru,2010.0,Pусский
en,2011.0,English
en,2012.0,English
en,2013.0,English
en,2014.0,English
he,2014.0,עִבְרִית
yi,2014.0,
fr,2015.0,Français
en,2015.0,English
en,2016.0,English
en,2017.0,English
en,2018.0,English
en,2019.0,English
en,2020.0,English
en,2021.0,English
en,2022.0,English
en,2023.0,English
en,2024.0,English
en,2025.0,English
de,2026.0,Deutsch
en,2027.0,English
te,2028.0,తెలుగు
en,2029.0,English
en,2030.0,English
tr,2030.0,Türkçe
en,2031.0,English
en,2032.0,English
en,2033.0,English
cs,2034.0,Český
en,2034.0,English
en,2035.0,English
en,2036.0,English
en,2037.0,English
ml,2038.0,
en,2039.0,English
en,2040.0,English
ar,2041.0,العربية
en,2041.0,English
fr,2041.0,Français
ro,2041.0,Română
en,2042.0,English
en,2043.0,English
es,2043.0,Español
ja,2043.0,日本語
en,2044.0,English
es,2044.0,Español
en,2045.0,English
en,2046.0,English
vi,2046.0,Tiếng Việt
fr,2046.0,Français
en,2047.0,English
en,2048.0,English
en,2049.0,English
de,2049.0,Deutsch
en,2050.0,English
ru,2050.0,Pусский
fr,2050.0,Français
en,2051.0,English
en,2052.0,English
cn,2053.0,广州话 / 廣州話
zh,2053.0,普通话
th,2053.0,ภาษาไทย
en,2054.0,English
cs,2055.0,Český
en,2055.0,English
sr,2055.0,Srpski
en,2056.0,English
en,2057.0,English
en,2058.0,English
en,2059.0,English
en,2060.0,English
en,2061.0,English
en,2062.0,English
en,2063.0,English
ru,2063.0,Pусский
de,2063.0,Deutsch
it,2063.0,Italiano
en,2064.0,English
cn,2065.0,广州话 / 廣州話
zh,2065.0,普通话
ko,2066.0,한국어/조선말
en,2066.0,English
es,2067.0,Español
en,2068.0,English
en,2069.0,English
ja,2069.0,日本語
ru,2069.0,Pусский
en,2070.0,English
en,2071.0,English
fr,2071.0,Français
it,2071.0,Italiano
en,2072.0,English
en,2073.0,English
en,2074.0,English
ru,2075.0,Pусский
en,2076.0,English
en,2077.0,English
en,2078.0,English
en,2079.0,English
fr,2079.0,Français
ru,2080.0,Pусский
en,2081.0,English
es,2081.0,Español
en,2082.0,English
en,2083.0,English
ko,2084.0,한국어/조선말
en,2085.0,English
en,2086.0,English
en,2087.0,English
es,2087.0,Español
en,2088.0,English
es,2089.0,Español
en,2089.0,English
it,2090.0,Italiano
en,2091.0,English
es,2091.0,Español
en,2092.0,English
en,2093.0,English
en,2094.0,English
zh,2095.0,普通话
cn,2095.0,广州话 / 廣州話
en,2095.0,English
ja,2096.0,日本語
en,2096.0,English
en,2097.0,English
en,2098.0,English
en,2099.0,English
fr,2099.0,Français
en,2100.0,English
en,2101.0,English
zh,2102.0,普通话
en,2102.0,English
en,2103.0,English
uk,2103.0,Український
en,2104.0,English
en,2105.0,English
en,2106.0,English
en,2107.0,English
en,2108.0,English
en,2109.0,English
en,2110.0,English
ja,2110.0,日本語
ml,2111.0,
ta,2111.0,தமிழ்
en,2112.0,English
ru,2112.0,Pусский
en,2113.0,English
en,2114.0,English
en,2115.0,English
en,2116.0,English
en,2117.0,English
fr,2117.0,Français
en,2118.0,English
tl,2118.0,
en,2119.0,English
he,2119.0,עִבְרִית
en,2120.0,English
en,2121.0,English
en,2122.0,English
ko,2122.0,한국어/조선말
en,2123.0,English
en,2124.0,English
en,2125.0,English
en,2126.0,English
pt,2126.0,Português
en,2127.0,English
en,2128.0,English
fr,2128.0,Français
de,2128.0,Deutsch
th,2128.0,ภาษาไทย
en,2129.0,English
en,2130.0,English
it,2130.0,Italiano
es,2130.0,Español
en,2131.0,English
en,2132.0,English
en,2133.0,English
ru,2133.0,Pусский
sr,2133.0,Srpski
en,2134.0,English
th,2134.0,ภาษาไทย
en,2135.0,English
la,2135.0,Latin
en,2136.0,English
es,2136.0,Español
en,2137.0,English
en,2138.0,English
en,2139.0,English
en,2140.0,English
af,2141.0,Afrikaans
en,2141.0,English
zu,2141.0,isiZulu
es,2142.0,Español
en,2142.0,English
en,2143.0,English
es,2143.0,Español
en,2144.0,English
en,2145.0,English
en,2146.0,English
zh,2147.0,普通话
en,2147.0,English
en,2148.0,English
en,2149.0,English
hi,2149.0,हिन्दी
de,2149.0,Deutsch
en,2150.0,English
ru,2151.0,Pусский
da,2152.0,Dansk
en,2152.0,English
fr,2152.0,Français
de,2152.0,Deutsch
es,2152.0,Español
en,2153.0,English
es,2153.0,Español
es,2154.0,Español
pl,2155.0,Polski
ru,2155.0,Pусский
en,2156.0,English
en,2157.0,English
en,2158.0,English
en,2159.0,English
is,2159.0,Íslenska
pt,2159.0,Português
fr,2159.0,Français
tl,2159.0,
de,2159.0,Deutsch
it,2159.0,Italiano
en,2160.0,English
pa,2160.0,ਪੰਜਾਬੀ
en,2161.0,English
en,2162.0,English
es,2162.0,Español
en,2163.0,English
en,2164.0,English
es,2165.0,Español
en,2165.0,English
en,2166.0,English
en,2167.0,English
en,2168.0,English
en,2169.0,English
en,2170.0,English
en,2171.0,English
fr,2171.0,Français
en,2172.0,English
en,2173.0,English
fi,2173.0,suomi
it,2174.0,Italiano
fa,2175.0,فارسی
en,2176.0,English
it,2177.0,Italiano
fr,2177.0,Français
es,2177.0,Español
en,2177.0,English
ca,2177.0,Català
da,2177.0,Dansk
de,2177.0,Deutsch
en,2178.0,English
en,2179.0,English
en,2180.0,English
en,2181.0,English
en,2182.0,English
en,2183.0,English
de,2183.0,Deutsch
en,2184.0,English
en,2185.0,English
en,2186.0,English
en,2187.0,English
en,2188.0,English
fr,2188.0,Français
en,2189.0,English
en,2190.0,English
en,2191.0,English
fr,2191.0,Français
en,2192.0,English
cn,2193.0,广州话 / 廣州話
en,2193.0,English
zh,2193.0,普通话
th,2193.0,ภาษาไทย
ja,2194.0,日本語
en,2195.0,English
en,2196.0,English
de,2196.0,Deutsch
en,2197.0,English
ga,2197.0,Gaeilge
de,2198.0,Deutsch
en,2198.0,English
ru,2199.0,Pусский
en,2200.0,English
en,2201.0,English
en,2202.0,English
en,2203.0,English
en,2204.0,English
en,2205.0,English
en,2206.0,English
fa,2206.0,فارسی
es,2206.0,Español
zh,2206.0,普通话
ko,2206.0,한국어/조선말
en,2207.0,English
en,2208.0,English
en,2209.0,English
fr,2209.0,Français
en,2210.0,English
fr,2211.0,Français
en,2212.0,English
es,2212.0,Español
en,2213.0,English
es,2214.0,Español
cs,2215.0,Český
en,2215.0,English
en,2216.0,English
en,2217.0,English
en,2218.0,English
en,2219.0,English
en,2220.0,English
it,2221.0,Italiano
fr,2222.0,Français
en,2222.0,English
de,2222.0,Deutsch
en,2223.0,English
fr,2223.0,Français
ru,2223.0,Pусский
vi,2223.0,Tiếng Việt
en,2224.0,English
bn,2225.0,বাংলা
en,2226.0,English
en,2227.0,English
en,2228.0,English
en,2229.0,English
fr,2229.0,Français
ru,2229.0,Pусский
en,2230.0,English
en,2231.0,English
en,2232.0,English
fr,2232.0,Français
en,2233.0,English
en,2234.0,English
es,2234.0,Español
en,2235.0,English
en,2236.0,English
pt,2237.0,Português
en,2237.0,English
fr,2237.0,Français
ja,2237.0,日本語
en,2238.0,English
en,2239.0,English
hi,2240.0,हिन्दी
en,2241.0,English
ja,2242.0,日本語
en,2242.0,English
fr,2242.0,Français
gd,2242.0,
de,2242.0,Deutsch
en,2243.0,English
ar,2243.0,العربية
en,2244.0,English
en,2245.0,English
en,2246.0,English
en,2247.0,English
en,2248.0,English
es,2248.0,Español
en,2249.0,English
en,2250.0,English
en,2251.0,English
hi,2252.0,हिन्दी
en,2253.0,English
pt,2254.0,Português
fr,2255.0,Français
en,2256.0,English
fr,2257.0,Français
en,2258.0,English
en,2259.0,English
en,2260.0,English
en,2261.0,English
it,2261.0,Italiano
en,2262.0,English
en,2263.0,English
en,2264.0,English
en,2265.0,English
ta,2266.0,தமிழ்
en,2267.0,English
fr,2267.0,Français
en,2268.0,English
en,2269.0,English
pt,2269.0,Português
ps,2269.0,پښتو
ru,2269.0,Pусский
ur,2269.0,اردو
en,2270.0,English
en,2271.0,English
it,2271.0,Italiano
de,2272.0,Deutsch
en,2273.0,English
fr,2273.0,Français
en,2274.0,English
en,2275.0,English
en,2276.0,English
de,2277.0,Deutsch
no,2277.0,Norsk
en,2277.0,English
fr,2278.0,Français
en,2279.0,English
en,2280.0,English
en,2281.0,English
en,2282.0,English
en,2283.0,English
en,2284.0,English
ja,2285.0,日本語
en,2286.0,English
en,2287.0,English
hi,2288.0,हिन्दी
ru,2289.0,Pусский
en,2290.0,English
en,2291.0,English
en,2292.0,English
ru,2293.0,Pусский
en,2294.0,English
en,2295.0,English
en,2296.0,English
en,2297.0,English
en,2298.0,English
da,2299.0,Dansk
en,2300.0,English
en,2301.0,English
ru,2302.0,Pусский
de,2303.0,Deutsch
en,2304.0,English
es,2304.0,Español
en,2305.0,English
es,2306.0,Español
en,2306.0,English
ja,2307.0,日本語
en,2308.0,English
es,2308.0,Español
en,2309.0,English
en,2310.0,English
fr,2311.0,Français
en,2312.0,English
en,2313.0,English
en,2314.0,English
en,2315.0,English
en,2316.0,English
en,2317.0,English
en,2318.0,English
en,2319.0,English
en,2320.0,English
en,2321.0,English
en,2322.0,English
fr,2322.0,Français
es,2322.0,Español
eu,2322.0,euskera
en,2323.0,English
xx,2324.0,No Language
en,2325.0,English
en,2326.0,English
en,2327.0,English
en,2328.0,English
en,2329.0,English
de,2329.0,Deutsch
en,2330.0,English
ko,2330.0,한국어/조선말
zh,2330.0,普通话
en,2331.0,English
en,2332.0,English
en,2333.0,English
en,2334.0,English
ja,2334.0,日本語
ru,2334.0,Pусский
zh,2335.0,普通话
de,2336.0,Deutsch
fr,2336.0,Français
en,2337.0,English
es,2337.0,Español
en,2338.0,English
en,2339.0,English
en,2340.0,English
es,2340.0,Español
en,2341.0,English
en,2342.0,English
it,2342.0,Italiano
tr,2343.0,Türkçe
en,2344.0,English
en,2345.0,English
fr,2345.0,Français
en,2346.0,English
en,2347.0,English
fr,2347.0,Français
de,2347.0,Deutsch
en,2348.0,English
en,2349.0,English
de,2350.0,Deutsch
fr,2350.0,Français
la,2350.0,Latin
ar,2350.0,العربية
el,2350.0,ελληνικά
en,2350.0,English
en,2351.0,English
en,2352.0,English
si,2352.0,
en,2353.0,English
hi,2354.0,हिन्दी
ta,2354.0,தமிழ்
en,2355.0,English
en,2356.0,English
en,2357.0,English
it,2357.0,Italiano
en,2358.0,English
en,2359.0,English
en,2360.0,English
fr,2361.0,Français
es,2361.0,Español
cs,2362.0,Český
en,2362.0,English
en,2363.0,English
en,2364.0,English
en,2365.0,English
de,2366.0,Deutsch
en,2367.0,English
en,2368.0,English
es,2368.0,Español
cn,2369.0,广州话 / 廣州話
en,2370.0,English
en,2371.0,English
en,2372.0,English
es,2372.0,Español
en,2373.0,English
fr,2373.0,Français
en,2374.0,English
en,2375.0,English
en,2376.0,English
hi,2377.0,हिन्दी
en,2378.0,English
en,2379.0,English
en,2380.0,English
en,2381.0,English
en,2382.0,English
en,2383.0,English
fr,2384.0,Français
it,2384.0,Italiano
en,2385.0,English
en,2386.0,English
en,2387.0,English
en,2388.0,English
hr,2389.0,Hrvatski
en,2389.0,English
ja,2390.0,日本語
hi,2391.0,हिन्दी
en,2392.0,English
fr,2392.0,Français
ja,2393.0,日本語
en,2394.0,English
es,2395.0,Español
en,2395.0,English
en,2396.0,English
fr,2396.0,Français
sv,2396.0,svenska
ta,2396.0,தமிழ்
pt,2397.0,Português
en,2397.0,English
it,2397.0,Italiano
en,2398.0,English
en,2399.0,English
ja,2400.0,日本語
en,2401.0,English
en,2402.0,English
en,2403.0,English
ko,2403.0,한국어/조선말
en,2404.0,English
en,2405.0,English
en,2406.0,English
en,2407.0,English
en,2408.0,English
en,2409.0,English
en,2410.0,English
en,2411.0,English
en,2412.0,English
fr,2412.0,Français
en,2413.0,English
ko,2413.0,한국어/조선말
en,2414.0,English
en,2415.0,English
en,2416.0,English
pt,2416.0,Português
es,2417.0,Español
en,2417.0,English
en,2418.0,English
fr,2418.0,Français
de,2418.0,Deutsch
en,2419.0,English
en,2420.0,English
es,2420.0,Español
en,2421.0,English
fr,2422.0,Français
tr,2422.0,Türkçe
en,2423.0,English
fr,2423.0,Français
ta,2424.0,தமிழ்
en,2425.0,English
en,2426.0,English
es,2427.0,Español
en,2429.0,English
en,2430.0,English
fr,2430.0,Français
en,2431.0,English
en,2432.0,English
en,2433.0,English
es,2433.0,Español
en,2434.0,English
en,2435.0,English
cn,2436.0,广州话 / 廣州話
hi,2437.0,हिन्दी
en,2438.0,English
en,2439.0,English
en,2440.0,English
es,2440.0,Español
en,2441.0,English
en,2442.0,English
en,2443.0,English
en,2444.0,English
en,2445.0,English
en,2446.0,English
en,2447.0,English
en,2448.0,English
cs,2449.0,Český
en,2449.0,English
el,2449.0,ελληνικά
ru,2449.0,Pусский
en,2450.0,English
la,2451.0,Latin
es,2451.0,Español
en,2451.0,English
en,2452.0,English
en,2453.0,English
en,2454.0,English
en,2455.0,English
en,2456.0,English
en,2457.0,English
en,2458.0,English
en,2459.0,English
en,2460.0,English
de,2461.0,Deutsch
en,2461.0,English
it,2461.0,Italiano
sw,2461.0,Kiswahili
zh,2462.0,普通话
en,2463.0,English
fr,2464.0,Français
en,2465.0,English
en,2466.0,English
ru,2467.0,Pусский
en,2467.0,English
en,2468.0,English
en,2469.0,English
en,2470.0,English
es,2470.0,Español
en,2471.0,English
en,2472.0,English
en,2473.0,English
en,2474.0,English
zh,2475.0,普通话
en,2476.0,English
en,2477.0,English
en,2478.0,English
en,2479.0,English
en,2480.0,English
hi,2481.0,हिन्दी
en,2482.0,English
en,2483.0,English
ja,2483.0,日本語
en,2484.0,English
cn,2485.0,广州话 / 廣州話
en,2485.0,English
en,2486.0,English
en,2487.0,English
en,2488.0,English
en,2489.0,English
en,2490.0,English
en,2491.0,English
en,2492.0,English
en,2493.0,English
de,2493.0,Deutsch
en,2494.0,English
en,2495.0,English
en,2496.0,English
fr,2496.0,Français
de,2496.0,Deutsch
en,2497.0,English
ja,2498.0,日本語
en,2498.0,English
it,2498.0,Italiano
ru,2499.0,Pусский
kw,2500.0,
en,2500.0,English
en,2501.0,English
en,2502.0,English
en,2503.0,English
en,2504.0,English
en,2505.0,English
ru,2506.0,Pусский
en,2507.0,English
en,2508.0,English
es,2508.0,Español
ko,2508.0,한국어/조선말
hr,2509.0,Hrvatski
en,2509.0,English
fr,2509.0,Français
de,2509.0,Deutsch
it,2509.0,Italiano
ko,2509.0,한국어/조선말
pt,2509.0,Português
ru,2509.0,Pусский
es,2509.0,Español
en,2510.0,English
fi,2511.0,suomi
en,2512.0,English
de,2512.0,Deutsch
en,2513.0,English
en,2514.0,English
en,2515.0,English
de,2516.0,Deutsch
en,2516.0,English
fr,2516.0,Français
en,2517.0,English
fr,2518.0,Français
pt,2518.0,Português
en,2519.0,English
he,2519.0,עִבְרִית
en,2520.0,English
it,2520.0,Italiano
yi,2520.0,
en,2521.0,English
en,2522.0,English
en,2523.0,English
en,2524.0,English
cn,2525.0,广州话 / 廣州話
en,2526.0,English
en,2527.0,English
es,2528.0,Español
en,2528.0,English
en,2529.0,English
en,2530.0,English
ru,2530.0,Pусский
ar,2531.0,العربية
en,2531.0,English
fr,2532.0,Français
it,2532.0,Italiano
ru,2532.0,Pусский
es,2532.0,Español
en,2532.0,English
en,2533.0,English
en,2534.0,English
fr,2534.0,Français
en,2535.0,English
en,2536.0,English
en,2537.0,English
de,2538.0,Deutsch
en,2538.0,English
de,2539.0,Deutsch
hi,2539.0,हिन्दी
en,2540.0,English
ko,2541.0,한국어/조선말
en,2542.0,English
en,2543.0,English
en,2544.0,English
en,2545.0,English
ar,2546.0,العربية
en,2546.0,English
zh,2546.0,普通话
en,2547.0,English
ru,2547.0,Pусский
en,2548.0,English
en,2549.0,English
es,2549.0,Español
en,2550.0,English
en,2551.0,English
es,2552.0,Español
en,2552.0,English
en,2553.0,English
en,2554.0,English
fr,2555.0,Français
en,2556.0,English
en,2557.0,English
en,2558.0,English
en,2559.0,English
ru,2560.0,Pусский
en,2561.0,English
en,2562.0,English
en,2563.0,English
en,2564.0,English
hi,2564.0,हिन्दी
en,2565.0,English
en,2566.0,English
en,2567.0,English
hi,2568.0,हिन्दी
en,2569.0,English
en,2570.0,English
en,2571.0,English
en,2572.0,English
de,2572.0,Deutsch
zh,2573.0,普通话
th,2573.0,ภาษาไทย
ja,2574.0,日本語
en,2575.0,English
en,2576.0,English
en,2577.0,English
pt,2577.0,Português
xx,2578.0,No Language
en,2579.0,English
en,2580.0,English
fr,2580.0,Français
pl,2580.0,Polski
en,2581.0,English
en,2582.0,English
en,2583.0,English
sv,2583.0,svenska
en,2584.0,English
en,2585.0,English
hu,2585.0,Magyar
en,2586.0,English
en,2587.0,English
fr,2587.0,Français
en,2588.0,English
en,2589.0,English
fr,2590.0,Français
en,2590.0,English
pl,2590.0,Polski
pt,2590.0,Português
en,2591.0,English
la,2592.0,Latin
en,2592.0,English
fr,2592.0,Français
de,2592.0,Deutsch
en,2593.0,English
en,2594.0,English
it,2594.0,Italiano
de,2595.0,Deutsch
hu,2595.0,Magyar
en,2596.0,English
en,2597.0,English
en,2598.0,English
en,2599.0,English
de,2599.0,Deutsch
en,2600.0,English
fr,2601.0,Français
en,2602.0,English
en,2603.0,English
en,2604.0,English
en,2605.0,English
en,2606.0,English
en,2607.0,English
en,2608.0,English
pl,2608.0,Polski
en,2609.0,English
en,2610.0,English
ja,2611.0,日本語
ko,2611.0,한국어/조선말
en,2612.0,English
en,2613.0,English
de,2613.0,Deutsch
tr,2613.0,Türkçe
ar,2613.0,العربية
en,2614.0,English
en,2615.0,English
en,2616.0,English
de,2616.0,Deutsch
en,2617.0,English
he,2618.0,עִבְרִית
la,2618.0,Latin
en,2619.0,English
fr,2619.0,Français
it,2619.0,Italiano
pt,2620.0,Português
en,2620.0,English
hu,2620.0,Magyar
en,2621.0,English
en,2622.0,English
ja,2623.0,日本語
fr,2624.0,Français
en,2624.0,English
en,2625.0,English
es,2626.0,Español
ja,2627.0,日本語
en,2627.0,English
en,2628.0,English
ro,2629.0,Română
en,2631.0,English
en,2632.0,English
en,2633.0,English
en,2634.0,English
de,2635.0,Deutsch
zh,2635.0,普通话
en,2636.0,English
en,2637.0,English
en,2638.0,English
en,2639.0,English
en,2640.0,English
en,2641.0,English
en,2642.0,English
en,2643.0,English
en,2644.0,English
en,2645.0,English
zh,2646.0,普通话
en,2647.0,English
en,2648.0,English
ru,2648.0,Pусский
fr,2648.0,Français
ar,2648.0,العربية
sv,2648.0,svenska
en,2649.0,English
de,2650.0,Deutsch
en,2650.0,English
es,2650.0,Español
en,2651.0,English
en,2652.0,English
ru,2652.0,Pусский
en,2653.0,English
eo,2653.0,Esperanto
en,2654.0,English
de,2655.0,Deutsch
fr,2655.0,Français
ja,2655.0,日本語
en,2656.0,English
el,2656.0,ελληνικά
en,2657.0,English
es,2657.0,Español
sv,2657.0,svenska
th,2657.0,ภาษาไทย
en,2658.0,English
fr,2658.0,Français
fr,2659.0,Français
en,2659.0,English
en,2660.0,English
en,2661.0,English
en,2662.0,English
ta,2663.0,தமிழ்
en,2664.0,English
en,2665.0,English
en,2666.0,English
en,2667.0,English
en,2668.0,English
fr,2668.0,Français
es,2668.0,Español
en,2669.0,English
en,2670.0,English
en,2671.0,English
en,2672.0,English
fr,2672.0,Français
en,2673.0,English
en,2674.0,English
fr,2674.0,Français
sv,2674.0,svenska
zh,2675.0,普通话
en,2675.0,English
fr,2676.0,Français
en,2676.0,English
da,2677.0,Dansk
en,2677.0,English
es,2677.0,Español
de,2678.0,Deutsch
en,2678.0,English
fr,2678.0,Français
it,2678.0,Italiano
en,2679.0,English
fr,2679.0,Français
en,2680.0,English
en,2681.0,English
en,2682.0,English
en,2683.0,English
de,2683.0,Deutsch
ru,2683.0,Pусский
en,2684.0,English
en,2685.0,English
en,2686.0,English
fr,2688.0,Français
ar,2689.0,العربية
id,2689.0,Bahasa indonesia
ja,2689.0,日本語
en,2689.0,English
en,2690.0,English
en,2691.0,English
en,2692.0,English
de,2692.0,Deutsch
en,2693.0,English
es,2693.0,Español
ko,2693.0,한국어/조선말
en,2694.0,English
en,2695.0,English
en,2696.0,English
en,2697.0,English
en,2698.0,English
en,2699.0,English
fr,2699.0,Français
es,2699.0,Español
en,2700.0,English
en,2701.0,English
de,2701.0,Deutsch
en,2702.0,English
en,2703.0,English
en,2704.0,English
en,2705.0,English
en,2706.0,English
ru,2706.0,Pусский
en,2707.0,English
en,2708.0,English
en,2709.0,English
en,2710.0,English
th,2710.0,ภาษาไทย
en,2711.0,English
hi,2712.0,हिन्दी
ta,2712.0,தமிழ்
te,2712.0,తెలుగు
en,2713.0,English
en,2714.0,English
en,2715.0,English
en,2716.0,English
en,2717.0,English
en,2718.0,English
en,2719.0,English
en,2720.0,English
en,2721.0,English
en,2722.0,English
en,2723.0,English
en,2724.0,English
de,2724.0,Deutsch
en,2725.0,English
en,2726.0,English
en,2727.0,English
sv,2728.0,svenska
en,2728.0,English
es,2729.0,Español
en,2730.0,English
en,2731.0,English
mi,2731.0,
en,2732.0,English
en,2733.0,English
en,2734.0,English
es,2734.0,Español
en,2735.0,English
en,2736.0,English
en,2737.0,English
fr,2738.0,Français
en,2738.0,English
es,2738.0,Español
it,2738.0,Italiano
de,2738.0,Deutsch
en,2739.0,English
fr,2739.0,Français
es,2739.0,Español
fr,2740.0,Français
en,2740.0,English
en,2741.0,English
ja,2742.0,日本語
cn,2743.0,广州话 / 廣州話
en,2744.0,English
en,2745.0,English
en,2746.0,English
fr,2746.0,Français
en,2747.0,English
fr,2748.0,Français
en,2749.0,English
ru,2749.0,Pусский
en,2750.0,English
ko,2751.0,한국어/조선말
fr,2752.0,Français
en,2752.0,English
ja,2752.0,日本語
en,2753.0,English
ru,2754.0,Pусский
en,2754.0,English
he,2754.0,עִבְרִית
de,2755.0,Deutsch
es,2755.0,Español
en,2756.0,English
es,2756.0,Español
en,2757.0,English
en,2758.0,English
fr,2758.0,Français
de,2758.0,Deutsch
en,2759.0,English
cn,2760.0,广州话 / 廣州話
en,2761.0,English
zh,2761.0,普通话
ro,2762.0,Română
en,2763.0,English
pl,2763.0,Polski
en,2764.0,English
hu,2764.0,Magyar
hi,2765.0,हिन्दी
en,2765.0,English
it,2766.0,Italiano
en,2767.0,English
fr,2767.0,Français
en,2768.0,English
en,2769.0,English
en,2770.0,English
en,2771.0,English
en,2772.0,English
en,2773.0,English
es,2774.0,Español
en,2774.0,English
ar,2774.0,العربية
en,2775.0,English
en,2776.0,English
en,2777.0,English
it,2777.0,Italiano
ja,2777.0,日本語
ru,2777.0,Pусский
en,2778.0,English
en,2779.0,English
en,2780.0,English
en,2781.0,English
en,2782.0,English
en,2783.0,English
en,2784.0,English
es,2784.0,Español
en,2785.0,English
en,2787.0,English
en,2788.0,English
fr,2789.0,Français
en,2789.0,English
en,2790.0,English
en,2791.0,English
en,2792.0,English
pl,2792.0,Polski
pt,2792.0,Português
es,2792.0,Español
en,2793.0,English
ja,2793.0,日本語
nv,2793.0,
en,2794.0,English
en,2795.0,English
en,2796.0,English
fr,2797.0,Français
en,2798.0,English
en,2799.0,English
en,2800.0,English
en,2801.0,English
en,2802.0,English
en,2803.0,English
en,2804.0,English
es,2805.0,Español
ja,2806.0,日本語
en,2806.0,English
en,2807.0,English
hi,2808.0,हिन्दी
it,2808.0,Italiano
ur,2808.0,اردو
en,2809.0,English
en,2810.0,English
en,2811.0,English
en,2812.0,English
en,2813.0,English
hu,2813.0,Magyar
en,2814.0,English
en,2815.0,English
ru,2815.0,Pусский
en,2816.0,English
en,2817.0,English
fr,2817.0,Français
en,2818.0,English
en,2819.0,English
en,2820.0,English
es,2820.0,Español
ta,2821.0,தமிழ்
en,2822.0,English
en,2823.0,English
en,2824.0,English
en,2825.0,English
en,2826.0,English
en,2827.0,English
en,2828.0,English
de,2829.0,Deutsch
hi,2829.0,हिन्दी
en,2830.0,English
en,2831.0,English
en,2832.0,English
de,2833.0,Deutsch
en,2833.0,English
fr,2833.0,Français
en,2834.0,English
fr,2835.0,Français
en,2835.0,English
en,2836.0,English
en,2837.0,English
en,2838.0,English
en,2839.0,English
fr,2839.0,Français
en,2840.0,English
de,2841.0,Deutsch
en,2841.0,English
fr,2841.0,Français
cn,2842.0,广州话 / 廣州話
en,2842.0,English
en,2843.0,English
pl,2843.0,Polski
en,2844.0,English
en,2845.0,English
en,2846.0,English
en,2847.0,English
it,2847.0,Italiano
en,2848.0,English
en,2849.0,English
ru,2850.0,Pусский
en,2851.0,English
en,2852.0,English
en,2853.0,English
en,2854.0,English
en,2855.0,English
en,2856.0,English
ja,2857.0,日本語
hi,2858.0,हिन्दी
en,2859.0,English
it,2859.0,Italiano
ja,2859.0,日本語
yi,2859.0,
en,2860.0,English
gu,2860.0,
hi,2860.0,हिन्दी
mr,2860.0,
en,2861.0,English
hi,2861.0,हिन्दी
en,2862.0,English
ru,2863.0,Pусский
en,2864.0,English
fr,2864.0,Français
de,2865.0,Deutsch
it,2866.0,Italiano
la,2867.0,Latin
en,2867.0,English
fr,2867.0,Français
en,2868.0,English
en,2869.0,English
en,2870.0,English
uk,2871.0,Український
en,2871.0,English
it,2871.0,Italiano
en,2872.0,English
ja,2872.0,日本語
ru,2872.0,Pусский
es,2872.0,Español
uk,2873.0,Український
de,2873.0,Deutsch
pl,2873.0,Polski
ru,2873.0,Pусский
fr,2874.0,Français
en,2875.0,English
hy,2876.0,
en,2876.0,English
fr,2876.0,Français
en,2877.0,English
en,2878.0,English
de,2878.0,Deutsch
it,2878.0,Italiano
la,2878.0,Latin
en,2879.0,English
en,2880.0,English
en,2881.0,English
ru,2882.0,Pусский
en,2882.0,English
de,2882.0,Deutsch
en,2883.0,English
en,2884.0,English
en,2885.0,English
de,2885.0,Deutsch
de,2886.0,Deutsch
ar,2887.0,العربية
ku,2887.0,
en,2888.0,English
en,2889.0,English
en,2890.0,English
en,2891.0,English
en,2892.0,English
no,2892.0,Norsk
da,2892.0,Dansk
en,2893.0,English
en,2894.0,English
en,2895.0,English
en,2896.0,English
fr,2896.0,Français
en,2897.0,English
en,2898.0,English
en,2899.0,English
en,2900.0,English
ru,2901.0,Pусский
en,2902.0,English
en,2903.0,English
en,2904.0,English
fr,2904.0,Français
ur,2904.0,اردو
en,2905.0,English
en,2906.0,English
en,2907.0,English
en,2908.0,English
en,2909.0,English
en,2910.0,English
en,2911.0,English
en,2912.0,English
ru,2913.0,Pусский
de,2914.0,Deutsch
fr,2914.0,Français
pl,2914.0,Polski
en,2914.0,English
he,2915.0,עִבְרִית
en,2915.0,English
en,2916.0,English
es,2917.0,Español
en,2917.0,English
en,2918.0,English
en,2919.0,English
en,2920.0,English
en,2921.0,English
en,2922.0,English
en,2923.0,English
en,2924.0,English
fa,2925.0,فارسی
en,2926.0,English
en,2927.0,English
zh,2927.0,普通话
en,2928.0,English
ko,2928.0,한국어/조선말
cn,2928.0,广州话 / 廣州話
de,2928.0,Deutsch
es,2928.0,Español
is,2928.0,Íslenska
it,2928.0,Italiano
en,2929.0,English
hu,2929.0,Magyar
es,2929.0,Español
ar,2930.0,العربية
en,2930.0,English
fr,2930.0,Français
ko,2930.0,한국어/조선말
en,2931.0,English
en,2932.0,English
zh,2932.0,普通话
en,2933.0,English
zh,2933.0,普通话
en,2934.0,English
en,2935.0,English
en,2936.0,English
it,2937.0,Italiano
en,2938.0,English
gd,2939.0,
en,2939.0,English
en,2940.0,English
en,2941.0,English
en,2942.0,English
cn,2943.0,广州话 / 廣州話
it,2943.0,Italiano
zh,2943.0,普通话
en,2944.0,English
km,2945.0,
en,2945.0,English
fr,2945.0,Français
vi,2945.0,Tiếng Việt
en,2946.0,English
en,2947.0,English
en,2948.0,English
en,2949.0,English
ca,2950.0,Català
la,2950.0,Latin
es,2950.0,Español
en,2951.0,English
so,2952.0,Somali
en,2952.0,English
en,2953.0,English
en,2954.0,English
fr,2954.0,Français
en,2955.0,English
en,2956.0,English
hu,2957.0,Magyar
en,2957.0,English
en,2958.0,English
en,2959.0,English
hi,2960.0,हिन्दी
it,2960.0,Italiano
en,2961.0,English
en,2962.0,English
en,2963.0,English
ja,2964.0,日本語
en,2965.0,English
es,2965.0,Español
en,2966.0,English
en,2967.0,English
en,2968.0,English
en,2969.0,English
pt,2969.0,Português
en,2970.0,English
en,2971.0,English
en,2972.0,English
hu,2972.0,Magyar
cn,2973.0,广州话 / 廣州話
en,2974.0,English
en,2975.0,English
pt,2975.0,Português
en,2976.0,English
en,2977.0,English
en,2978.0,English
en,2979.0,English
en,2980.0,English
ml,2981.0,
en,2982.0,English
en,2983.0,English
en,2984.0,English
en,2985.0,English
es,2985.0,Español
fr,2985.0,Français
en,2986.0,English
it,2986.0,Italiano
en,2987.0,English
es,2987.0,Español
en,2988.0,English
fa,2989.0,فارسی
en,2990.0,English
fr,2990.0,Français
en,2991.0,English
en,2992.0,English
xx,2993.0,No Language
bg,2994.0,български език
en,2994.0,English
fr,2994.0,Français
ru,2994.0,Pусский
es,2994.0,Español
en,2995.0,English
en,2996.0,English
sv,2997.0,svenska
en,2998.0,English
en,2999.0,English
en,3000.0,English
